/*
 Navicat MySQL Data Transfer

 Source Server         : 192.168.0.119数据库
 Source Server Type    : MySQL
 Source Server Version : 80019
 Source Host           : 192.168.0.119:3306
 Source Schema         : newpay

 Target Server Type    : MySQL
 Target Server Version : 80019
 File Encoding         : 65001

 Date: 27/10/2020 22:28:10
*/

SET NAMES utf8mb4;
SET FOREIGN_KEY_CHECKS = 0;

-- ----------------------------
-- Table structure for amn_admin_auth_group
-- ----------------------------
DROP TABLE IF EXISTS `amn_admin_auth_group`;
CREATE TABLE `amn_admin_auth_group`  (
  `id` int(0) UNSIGNED NOT NULL AUTO_INCREMENT,
  `title` varchar(100) CHARACTER SET utf8mb4 COLLATE utf8mb4_unicode_ci NOT NULL DEFAULT '',
  `status` tinyint(1) NOT NULL DEFAULT 1,
  `rules` varchar(5000) CHARACTER SET utf8mb4 COLLATE utf8mb4_unicode_ci NOT NULL DEFAULT '',
  `create_time` datetime(0) NULL DEFAULT NULL,
  `update_time` datetime(0) NULL DEFAULT NULL,
  PRIMARY KEY (`id`) USING BTREE
) ENGINE = MyISAM AUTO_INCREMENT = 17 CHARACTER SET = utf8mb4 COLLATE = utf8mb4_unicode_ci ROW_FORMAT = Dynamic;

-- ----------------------------
-- Records of amn_admin_auth_group
-- ----------------------------
INSERT INTO `amn_admin_auth_group` VALUES (1, '默认用户组123', 1, '37,34,33,39,38,36,35,42,41,40,30,28,23,25,55,24,22,21,17,16,15,14,13,4,12,3,50,11,2,', '2020-03-03 03:16:28', '2020-06-07 15:39:27');
INSERT INTO `amn_admin_auth_group` VALUES (4, '财务管理员', 1, '77,80,79,78,11,90,89,14,13,', '2020-03-03 04:03:37', '2020-06-07 15:39:27');
INSERT INTO `amn_admin_auth_group` VALUES (13, '财务人员123p0', 1, '80,79,78,9,11,86,85,84,57,14,13,', '2020-05-02 03:25:17', '2020-06-07 15:44:19');
INSERT INTO `amn_admin_auth_group` VALUES (6, '观察员', 1, '', '2020-03-03 04:14:30', '2020-06-07 15:39:27');
INSERT INTO `amn_admin_auth_group` VALUES (7, '测试管理员', 1, '77,80,79,78,11,86,85,84,57,14,13,', '2020-03-03 04:19:54', '2020-06-07 15:39:27');
INSERT INTO `amn_admin_auth_group` VALUES (15, '未命名角色20200523050332', 1, '', '2020-05-23 05:03:32', '2020-06-07 15:39:27');
INSERT INTO `amn_admin_auth_group` VALUES (16, '未命名角色20200523051553', 1, '', '2020-05-23 05:15:53', '2020-06-07 15:39:27');

-- ----------------------------
-- Table structure for amn_admin_auth_group_access
-- ----------------------------
DROP TABLE IF EXISTS `amn_admin_auth_group_access`;
CREATE TABLE `amn_admin_auth_group_access`  (
  `id` int(0) UNSIGNED NOT NULL AUTO_INCREMENT,
  `uid` int(0) UNSIGNED NOT NULL,
  `group_id` int(0) UNSIGNED NOT NULL,
  PRIMARY KEY (`id`) USING BTREE,
  UNIQUE INDEX `uid_group_id`(`uid`, `group_id`) USING BTREE,
  INDEX `uid`(`uid`) USING BTREE,
  INDEX `group_id`(`group_id`) USING BTREE
) ENGINE = MyISAM AUTO_INCREMENT = 2 CHARACTER SET = utf8mb4 COLLATE = utf8mb4_unicode_ci ROW_FORMAT = Fixed;

-- ----------------------------
-- Records of amn_admin_auth_group_access
-- ----------------------------
INSERT INTO `amn_admin_auth_group_access` VALUES (1, 1, 1);

-- ----------------------------
-- Table structure for amn_admin_auth_rule
-- ----------------------------
DROP TABLE IF EXISTS `amn_admin_auth_rule`;
CREATE TABLE `amn_admin_auth_rule`  (
  `id` int(0) UNSIGNED NOT NULL AUTO_INCREMENT,
  `pid` int(0) NULL DEFAULT 0 COMMENT '父类ID，默认为0',
  `pid_name` varchar(255) CHARACTER SET utf8mb4 COLLATE utf8mb4_unicode_ci NULL DEFAULT NULL,
  `icon` varchar(255) CHARACTER SET utf8mb4 COLLATE utf8mb4_unicode_ci NULL DEFAULT NULL COMMENT '图标',
  `name` varchar(500) CHARACTER SET utf8mb4 COLLATE utf8mb4_unicode_ci NULL DEFAULT NULL COMMENT '规制唯一标识，应用/控制器/方法',
  `title` varchar(500) CHARACTER SET utf8mb4 COLLATE utf8mb4_unicode_ci NULL DEFAULT '' COMMENT '规则名称',
  `status` tinyint(1) NULL DEFAULT 1 COMMENT '1正常 0禁用',
  `condition` char(100) CHARACTER SET utf8mb4 COLLATE utf8mb4_unicode_ci NULL DEFAULT '' COMMENT '附加规则',
  `app_name` varchar(255) CHARACTER SET utf8mb4 COLLATE utf8mb4_unicode_ci NULL DEFAULT NULL COMMENT '应用名',
  `controller_name` varchar(255) CHARACTER SET utf8mb4 COLLATE utf8mb4_unicode_ci NULL DEFAULT NULL COMMENT '控制名',
  `action_name` varchar(255) CHARACTER SET utf8mb4 COLLATE utf8mb4_unicode_ci NULL DEFAULT NULL COMMENT '方法名',
  `create_time` datetime(0) NULL DEFAULT NULL,
  `update_time` datetime(0) NULL DEFAULT NULL,
  `sort` tinyint(1) NULL DEFAULT 0 COMMENT '排序',
  PRIMARY KEY (`id`) USING BTREE
) ENGINE = MyISAM AUTO_INCREMENT = 91 CHARACTER SET = utf8mb4 COLLATE = utf8mb4_unicode_ci ROW_FORMAT = Dynamic;

-- ----------------------------
-- Records of amn_admin_auth_rule
-- ----------------------------
INSERT INTO `amn_admin_auth_rule` VALUES (2, 0, NULL, NULL, '/', '模块管理', 1, '', '/', '/', '/', '2020-02-27 14:13:26', '2020-06-07 15:36:45', 1);
INSERT INTO `amn_admin_auth_rule` VALUES (4, 0, NULL, 'hand-pointer-o', '1//11//111', '通道管理', 1, '', '1', '/11', '/111', '2020-02-27 14:13:40', '2020-06-06 17:01:17', 0);
INSERT INTO `amn_admin_auth_rule` VALUES (11, 2, NULL, NULL, '/', '模块市场', 1, '', '/', '/', '/', '2020-02-27 23:14:53', '2020-03-24 01:56:39', 0);
INSERT INTO `amn_admin_auth_rule` VALUES (10, 2, NULL, NULL, '/', '管理模块', 0, '', '/', '/', '/', '2020-02-27 23:12:54', '2020-06-07 15:37:07', 0);
INSERT INTO `amn_admin_auth_rule` VALUES (9, 2, NULL, NULL, '/', '模块定制', 1, '', '/', '/', '/', '2020-02-27 23:12:31', '2020-06-07 15:36:45', 0);
INSERT INTO `amn_admin_auth_rule` VALUES (13, 4, NULL, 'address-card', '/', '通道商家', 1, '', '/', '/', '/', '2020-02-27 23:49:30', '2020-06-06 17:01:17', 0);
INSERT INTO `amn_admin_auth_rule` VALUES (14, 4, NULL, NULL, '/', '通道分类', 1, '', '/', '/', '/', '2020-02-27 23:49:48', '2020-06-06 17:01:17', 0);
INSERT INTO `amn_admin_auth_rule` VALUES (57, 4, NULL, NULL, '/', '通道账号', 1, '', '/', '/', '/', '2020-03-04 16:36:19', '2020-06-06 17:01:17', 0);
INSERT INTO `amn_admin_auth_rule` VALUES (21, 0, NULL, 'user-circle', '/', '管理员', 1, '', '/', '/', '/', '2020-02-28 01:12:46', '2020-03-24 15:28:57', 0);
INSERT INTO `amn_admin_auth_rule` VALUES (84, 21, NULL, 'list', '/', '管理员列表', 1, '', '/', '/', '/', '2020-04-07 02:27:09', '2020-04-07 02:27:09', 0);
INSERT INTO `amn_admin_auth_rule` VALUES (85, 21, NULL, NULL, '/', '管理员权限', 1, '', '/', '/', '/', '2020-04-07 02:27:54', '2020-04-07 02:27:54', 0);
INSERT INTO `amn_admin_auth_rule` VALUES (76, 2, NULL, NULL, '/', '测试一', 0, '', '/', '/', '/', '2020-03-24 02:54:50', '2020-06-07 15:39:27', 2);
INSERT INTO `amn_admin_auth_rule` VALUES (78, 2, NULL, NULL, '/', '未命名20200324033258', 1, '', '/', '/', '/', '2020-03-24 03:32:59', '2020-03-24 03:32:59', 0);
INSERT INTO `amn_admin_auth_rule` VALUES (79, 2, NULL, NULL, '/', '未命名20200324131354', 1, '', '/', '/', '/', '2020-03-24 13:13:54', '2020-03-24 13:13:54', 0);
INSERT INTO `amn_admin_auth_rule` VALUES (80, 2, NULL, NULL, '/', '未命名20200324144143', 1, '', '/', '/', '/', '2020-03-24 14:41:44', '2020-03-24 14:41:44', 0);
INSERT INTO `amn_admin_auth_rule` VALUES (86, 21, NULL, 'assistive-listening-systems', '/', '未命名20200416044139', 1, '', '/', '/', '/', '2020-04-16 04:41:40', '2020-04-16 04:41:40', 0);

-- ----------------------------
-- Table structure for amn_admin_user
-- ----------------------------
DROP TABLE IF EXISTS `amn_admin_user`;
CREATE TABLE `amn_admin_user`  (
  `id` int(0) UNSIGNED NOT NULL AUTO_INCREMENT,
  `uuid` varchar(500) CHARACTER SET utf8mb4 COLLATE utf8mb4_unicode_ci NULL DEFAULT NULL,
  `user_name` varchar(100) CHARACTER SET utf8mb4 COLLATE utf8mb4_unicode_ci NULL DEFAULT NULL COMMENT '用户名',
  `login_password` varchar(255) CHARACTER SET utf8mb4 COLLATE utf8mb4_unicode_ci NULL DEFAULT NULL COMMENT '登录密码',
  `manage_password` varchar(255) CHARACTER SET utf8mb4 COLLATE utf8mb4_unicode_ci NULL DEFAULT NULL COMMENT '管理密码',
  `nickname` varchar(50) CHARACTER SET utf8mb4 COLLATE utf8mb4_unicode_ci NULL DEFAULT NULL COMMENT '昵称/备注名',
  `super_manage` tinyint(0) NULL DEFAULT 0 COMMENT '是否超级管理员 1 超级管理员',
  `user_status` tinyint(0) NULL DEFAULT 0 COMMENT '使用状态：1=正常；0=禁用',
  `create_time` datetime(0) NULL DEFAULT NULL,
  `update_time` datetime(0) NULL DEFAULT NULL,
  PRIMARY KEY (`id`) USING BTREE
) ENGINE = MyISAM AUTO_INCREMENT = 114 CHARACTER SET = utf8mb4 COLLATE = utf8mb4_unicode_ci ROW_FORMAT = Dynamic;

-- ----------------------------
-- Records of amn_admin_user
-- ----------------------------
INSERT INTO `amn_admin_user` VALUES (110, '660c5940-6f7a-11ea-a2b7-9125fa4657f4', 'zyzyzzy', '1742e96b920cdbbf4fc5ab557d7a1c52dbf93510', '3bf4df70ea35966069578edd87d570155a6db3ad', '系统测试账号', 0, 1, '2020-03-26 23:56:49', '2020-06-06 17:01:10');
INSERT INTO `amn_admin_user` VALUES (111, '1c422740-8983-11ea-a821-8f93a44b37b5', '123123', '7d4142bcbf993c5ee7a6873c0972cde8f0a66c6d', '74bd50854c811dd9263c379a9daf1d377b2af56b', '', 0, 1, '2020-04-29 03:04:40', '2020-06-07 04:46:17');

-- ----------------------------
-- Table structure for amn_auth_group
-- ----------------------------
DROP TABLE IF EXISTS `amn_auth_group`;
CREATE TABLE `amn_auth_group`  (
  `id` mediumint(0) UNSIGNED NOT NULL AUTO_INCREMENT,
  `title` char(100) CHARACTER SET utf8mb4 COLLATE utf8mb4_unicode_ci NOT NULL DEFAULT '',
  `status` tinyint(1) NOT NULL DEFAULT 1,
  `rules` char(80) CHARACTER SET utf8mb4 COLLATE utf8mb4_unicode_ci NOT NULL DEFAULT '',
  PRIMARY KEY (`id`) USING BTREE
) ENGINE = MyISAM AUTO_INCREMENT = 2 CHARACTER SET = utf8mb4 COLLATE = utf8mb4_unicode_ci ROW_FORMAT = Fixed;

-- ----------------------------
-- Records of amn_auth_group
-- ----------------------------
INSERT INTO `amn_auth_group` VALUES (1, '默认用户组', 1, '1');

-- ----------------------------
-- Table structure for amn_auth_group_access
-- ----------------------------
DROP TABLE IF EXISTS `amn_auth_group_access`;
CREATE TABLE `amn_auth_group_access`  (
  `uid` mediumint(0) UNSIGNED NOT NULL,
  `group_id` mediumint(0) UNSIGNED NOT NULL,
  UNIQUE INDEX `uid_group_id`(`uid`, `group_id`) USING BTREE,
  INDEX `uid`(`uid`) USING BTREE,
  INDEX `group_id`(`group_id`) USING BTREE
) ENGINE = MyISAM AUTO_INCREMENT = 1 CHARACTER SET = utf8mb4 COLLATE = utf8mb4_unicode_ci ROW_FORMAT = Fixed;

-- ----------------------------
-- Records of amn_auth_group_access
-- ----------------------------
INSERT INTO `amn_auth_group_access` VALUES (1, 1);

-- ----------------------------
-- Table structure for amn_auth_rule
-- ----------------------------
DROP TABLE IF EXISTS `amn_auth_rule`;
CREATE TABLE `amn_auth_rule`  (
  `id` mediumint(0) UNSIGNED NOT NULL AUTO_INCREMENT,
  `name` char(80) CHARACTER SET utf8mb4 COLLATE utf8mb4_unicode_ci NOT NULL DEFAULT '',
  `title` char(20) CHARACTER SET utf8mb4 COLLATE utf8mb4_unicode_ci NOT NULL DEFAULT '',
  `status` tinyint(1) NOT NULL DEFAULT 1,
  `condition` char(100) CHARACTER SET utf8mb4 COLLATE utf8mb4_unicode_ci NOT NULL DEFAULT '',
  PRIMARY KEY (`id`) USING BTREE,
  UNIQUE INDEX `name`(`name`) USING BTREE
) ENGINE = MyISAM AUTO_INCREMENT = 2 CHARACTER SET = utf8mb4 COLLATE = utf8mb4_unicode_ci ROW_FORMAT = Fixed;

-- ----------------------------
-- Records of amn_auth_rule
-- ----------------------------
INSERT INTO `amn_auth_rule` VALUES (1, 'show_button', '显示按钮', 1, '');

-- ----------------------------
-- Table structure for amn_domain
-- ----------------------------
DROP TABLE IF EXISTS `amn_domain`;
CREATE TABLE `amn_domain`  (
  `id` int(0) NOT NULL AUTO_INCREMENT COMMENT 'id',
  `user_id` int(0) NOT NULL COMMENT '用户id',
  `domain` varchar(200) CHARACTER SET utf8 COLLATE utf8_general_ci NOT NULL COMMENT '域名',
  `create_time` timestamp(0) NOT NULL DEFAULT CURRENT_TIMESTAMP ON UPDATE CURRENT_TIMESTAMP(0) COMMENT '添加时间',
  PRIMARY KEY (`id`) USING BTREE
) ENGINE = InnoDB AUTO_INCREMENT = 7 CHARACTER SET = utf8 COLLATE = utf8_general_ci COMMENT = '用户域名表' ROW_FORMAT = Dynamic;

-- ----------------------------
-- Records of amn_domain
-- ----------------------------
INSERT INTO `amn_domain` VALUES (2, 1, 'www.baidu.com', '2019-04-04 10:53:56');
INSERT INTO `amn_domain` VALUES (5, 1, 'www.juhezhifu.cc', '2019-04-08 11:44:24');
INSERT INTO `amn_domain` VALUES (6, 11, 'www.juhezhifu.cc', '2019-04-28 14:06:29');
INSERT INTO `amn_domain` VALUES (7, 1, 'www.pay.com', '2019-08-28 15:33:05');

-- ----------------------------
-- Table structure for amn_payment_account
-- ----------------------------
DROP TABLE IF EXISTS `amn_payment_account`;
CREATE TABLE `amn_payment_account`  (
  `id` int(0) UNSIGNED NOT NULL AUTO_INCREMENT COMMENT '主键',
  `payment_channel_merchant_id` int(0) UNSIGNED NOT NULL DEFAULT 0 COMMENT '商家id',
  `moneytypeclassid` int(0) UNSIGNED NOT NULL DEFAULT 0 COMMENT '金额方案id',
  `bieming` varchar(100) CHARACTER SET utf8 COLLATE utf8_general_ci NOT NULL DEFAULT '' COMMENT '账号别名',
  `memberid` varchar(200) CHARACTER SET utf8 COLLATE utf8_general_ci NOT NULL DEFAULT '' COMMENT '商户号',
  `account` varchar(200) CHARACTER SET utf8 COLLATE utf8_general_ci NOT NULL DEFAULT '' COMMENT '账号',
  `status` tinyint(0) UNSIGNED NOT NULL DEFAULT 1 COMMENT '状态 1:正常 0:禁用',
  `cbfeilv` decimal(5, 4) UNSIGNED NOT NULL DEFAULT 0.0000 COMMENT '交易成本费率',
  `quota_money` double(15, 2) UNSIGNED NOT NULL DEFAULT 0.00 COMMENT '每日交易总额',
  `min_money` double(15, 2) UNSIGNED NOT NULL DEFAULT 0.00 COMMENT '单笔最小金额',
  `max_money` double(15, 2) UNSIGNED NOT NULL DEFAULT 0.00 COMMENT '单笔最大金额',
  `settle_cbfeilv` decimal(5, 4) UNSIGNED NOT NULL DEFAULT 0.0000 COMMENT '结算成本费率',
  `commission_rate` decimal(15, 4) UNSIGNED NULL DEFAULT 0.0000 COMMENT '账号所属用户的分润比例',
  `owner_id` int(0) UNSIGNED NOT NULL DEFAULT 0 COMMENT '账号所属者 0:系统 其他:用户id',
  `type` tinyint(0) UNSIGNED NOT NULL DEFAULT 0 COMMENT '账号类型 0:普通 1:测试',
  `oddment` tinyint(0) UNSIGNED NOT NULL DEFAULT 0 COMMENT '充值时是否给账号加零头 0:关闭 1:开启',
  `settle_min_cbfeilv` decimal(15, 4) UNSIGNED NOT NULL DEFAULT 0.0000 COMMENT '单笔结算最低成本,单位:元',
  `min_oddment` decimal(2, 0) NULL DEFAULT 1 COMMENT '充值零头下限',
  `max_oddment` decimal(2, 0) NULL DEFAULT 99 COMMENT '充值零头下限',
  `submiturl` varchar(255) CHARACTER SET utf8 COLLATE utf8_general_ci NOT NULL DEFAULT '' COMMENT '提交地址',
  `notifyurl` varchar(255) CHARACTER SET utf8 COLLATE utf8_general_ci NOT NULL DEFAULT '' COMMENT '异步回调地址',
  `callbackurl` varchar(255) CHARACTER SET utf8 COLLATE utf8_general_ci NOT NULL DEFAULT '' COMMENT '同步回调地址',
  `user_payapiid` tinyint(0) UNSIGNED NOT NULL DEFAULT 0 COMMENT '通道id：0=系统；其它的则为用户自指定的通道',
  `user_id` int(0) UNSIGNED NOT NULL DEFAULT 0 COMMENT '用户id,与通道账号类型匹配：0=系统；其它的为用户id',
  `default_status` tinyint(0) UNSIGNED NULL DEFAULT 0 COMMENT '自助账号的默认状态:0=普通；1=默认',
  `extra1` varchar(255) CHARACTER SET utf8 COLLATE utf8_general_ci NULL DEFAULT NULL COMMENT '额外字段1',
  `extra2` varchar(255) CHARACTER SET utf8 COLLATE utf8_general_ci NULL DEFAULT NULL COMMENT '额外字段2',
  `extra3` varchar(255) CHARACTER SET utf8 COLLATE utf8_general_ci NULL DEFAULT NULL COMMENT '额外字段3',
  PRIMARY KEY (`id`) USING BTREE
) ENGINE = InnoDB CHARACTER SET = utf8 COLLATE = utf8_general_ci COMMENT = '通道账号表' ROW_FORMAT = Compact;

-- ----------------------------
-- Records of amn_payment_account
-- ----------------------------
INSERT INTO `amn_payment_account` VALUES (31, 17, 69, '官方支付宝账号1', '2018012102014564', '', 1, 0.0060, 99999999999.00, 0.01, 1099999900.00, 0.0000, 0.0000, 0, 0, 0, 5.0000, 1, 12, '', '', '', 0, 0, NULL, NULL, NULL, NULL);
INSERT INTO `amn_payment_account` VALUES (32, 19, 70, '官方微信账号1', 'wx25b09b900f687334', '1431740002', 1, 0.0300, 999999999.00, 0.00, 999999999.00, 0.0000, 0.0000, 0, 0, 0, 0.0000, 1, 50, 'dgs', 'ee', 'ee', 0, 0, NULL, NULL, NULL, NULL);
INSERT INTO `amn_payment_account` VALUES (33, 17, 0, '任梦龙测试', '', '', 1, 0.0000, 0.00, 0.01, 1212121212.00, 0.0000, 0.0000, 0, 0, 0, 0.0000, 1, 99, '', '', '', 16, 1, 0, NULL, NULL, NULL);
INSERT INTO `amn_payment_account` VALUES (34, 17, 0, 'aaaaaa', '123', '', 1, 0.0000, 0.00, 0.00, 10000000000.00, 0.0000, 0.0000, 0, 0, 0, 0.0000, 1, 99, '', '', '', 16, 1, 0, '', '', '');
INSERT INTO `amn_payment_account` VALUES (35, 19, 68, '哈哈哈哈', '', '', 1, 0.0000, 0.00, 0.00, 99999999.00, 0.0000, 0.0000, 0, 0, 0, 0.0000, 1, 99, '', '', '', 0, 0, 0, NULL, NULL, NULL);
INSERT INTO `amn_payment_account` VALUES (36, 19, 68, '123', 'asa', 'sa', 1, 0.0000, 0.00, 0.00, 999999999.00, 0.0000, 0.0000, 0, 0, 0, 0.0000, 1, 99, '', '', '', 0, 0, 0, '123', NULL, NULL);
INSERT INTO `amn_payment_account` VALUES (37, 17, 0, '用户官方支付宝WAP', '2018012102014564', '', 1, 0.0060, 0.00, 0.00, 99999999.00, 0.0000, 0.0000, 0, 0, 0, 5.0000, 1, 99, '', '', '', 16, 1, 0, '', '', '');
INSERT INTO `amn_payment_account` VALUES (38, 17, 0, '用户官方支付宝账号2', '2018012102014564', '', 1, 0.0060, 0.00, 0.00, 99999999.00, 0.0000, 0.0000, 0, 0, 0, 5.0000, 1, 99, '', '', '', 16, 1, 0, NULL, NULL, NULL);
INSERT INTO `amn_payment_account` VALUES (39, 17, 0, '用户官方支付宝扫码1', '2018012102014564', '', 1, 0.0060, 0.00, 0.00, 999999999.00, 0.0000, 0.0000, 0, 0, 0, 5.0000, 1, 99, '', '', '', 15, 1, 0, NULL, NULL, NULL);
INSERT INTO `amn_payment_account` VALUES (40, 17, 0, '用户官方支付宝扫码2', '2018012102014564', '', 1, 0.0060, 0.00, 0.00, 999999999.00, 0.0000, 0.0000, 0, 0, 0, 5.0000, 1, 99, '', '', '', 15, 1, 0, NULL, NULL, NULL);
INSERT INTO `amn_payment_account` VALUES (41, 19, 0, '用户官方微信扫码', 'wx25b09b900f687334', '1431740002', 1, 0.0000, 0.00, 0.01, 57.00, 0.0000, 0.0000, 0, 0, 0, 0.0000, 1, 99, 'dgs', 'ee', 'ee', 18, 1, 1, '', NULL, NULL);
INSERT INTO `amn_payment_account` VALUES (42, 19, 0, '用户官方微信扫码', 'wx25b09b900f687334', '1431740002', 1, 0.0000, 0.00, 0.00, 0.00, 0.0000, 0.0000, 0, 0, 0, 0.0000, 1, 99, '', '', '', 18, 1, 0, '', NULL, NULL);
INSERT INTO `amn_payment_account` VALUES (43, 20, 69, '衫德网银', '17691213', 'sd', 0, 0.0010, 0.00, 0.00, 0.00, 0.0010, 0.0000, 0, 0, 1, 0.0020, 1, 99, '', '', '', 0, 0, 0, 'Zz1314520', NULL, NULL);
INSERT INTO `amn_payment_account` VALUES (44, 19, 0, '用户微信扫码3', 'wx25b09b900f687334', '1431740002', 1, 1.0000, 0.00, 1.00, 100.00, 0.0000, 0.0000, 0, 0, 0, 0.0000, 1, 99, '', '', '', 18, 11, 1, '', NULL, NULL);
INSERT INTO `amn_payment_account` VALUES (45, 19, 0, '用户微信扫码2', 'wx25b09b900f687334', '1431740002', 1, 0.0000, 0.00, 0.00, 9999.00, 0.0000, 0.0000, 0, 0, 0, 0.0000, 1, 99, '', '', '', 18, 11, 0, '', NULL, NULL);
INSERT INTO `amn_payment_account` VALUES (46, 17, 0, '用户官方微信扫码1', '', '', 1, 0.0000, 0.00, 0.00, 0.00, 0.0000, 0.0000, 0, 0, 0, 0.0000, 1, 99, '', '', '', 15, 1, 0, NULL, NULL, NULL);
INSERT INTO `amn_payment_account` VALUES (47, 21, 69, '迅捷0001', '', '', 1, 0.0000, 0.00, 0.00, 999.00, 0.0000, 0.0000, 0, 0, 0, 0.0000, 1, 99, '', '', '', 0, 0, 0, NULL, NULL, NULL);
INSERT INTO `amn_payment_account` VALUES (48, 19, 71, '用户官方支付宝WAP', '', '', 1, 0.0000, 0.00, 0.00, 0.00, 0.0000, 0.0000, 0, 0, 0, 0.0000, 1, 99, '', '', '', 0, 0, 0, NULL, NULL, NULL);
INSERT INTO `amn_payment_account` VALUES (49, 19, 0, '用户微信扫码1', 'wx25b09b900f687334', '1431740002', 1, 0.0000, 0.00, 0.00, 99.00, 0.0000, 0.0000, 0, 0, 0, 0.0000, 1, 99, '', '', '', 18, 11, 0, '', NULL, NULL);
INSERT INTO `amn_payment_account` VALUES (50, 19, 70, '官方微信扫码2', 'wx25b09b900f687334', '1431740002', 1, 0.0000, 100000.00, 0.00, 1000.00, 0.0000, 0.0000, 0, 0, 0, 0.0000, 1, 99, '', '', '', 0, 0, 0, '', NULL, NULL);
INSERT INTO `amn_payment_account` VALUES (51, 17, 68, 'rml', '2018012102014564', '', 1, 0.0000, 1000.00, 0.01, 10.00, 0.0000, 0.0000, 0, 0, 0, 0.0000, 1, 99, '', '', '', 0, 0, 0, '', '', '');
INSERT INTO `amn_payment_account` VALUES (52, 17, 69, 'zz', '2018012102014564', 'zzzz', 1, 0.0000, 0.00, 0.00, 0.00, 0.0000, 0.0000, 0, 0, 0, 0.0000, 1, 99, '', '', '', 0, 0, 0, '', '', '');

-- ----------------------------
-- Table structure for amn_payment_account_keystr
-- ----------------------------
DROP TABLE IF EXISTS `amn_payment_account_keystr`;
CREATE TABLE `amn_payment_account_keystr`  (
  `id` int(0) UNSIGNED NOT NULL AUTO_INCREMENT COMMENT '主键',
  `payment_account_id` int(0) UNSIGNED NOT NULL COMMENT '账号id',
  `md5keystr` varchar(500) CHARACTER SET utf8 COLLATE utf8_general_ci NULL DEFAULT NULL COMMENT 'md5密钥内容',
  `publickeystr` varchar(5000) CHARACTER SET utf8 COLLATE utf8_general_ci NULL DEFAULT NULL COMMENT '配置公钥',
  `privatekeystr` varchar(5000) CHARACTER SET utf8 COLLATE utf8_general_ci NULL DEFAULT NULL COMMENT '配置私钥',
  `upstream_keystr` varchar(5000) CHARACTER SET utf8 COLLATE utf8_general_ci NULL DEFAULT NULL COMMENT '上游密钥',
  `publickeystr_path` varchar(255) CHARACTER SET utf8 COLLATE utf8_general_ci NOT NULL DEFAULT '' COMMENT '配置公钥文件路径',
  `privatekeystr_path` varchar(255) CHARACTER SET utf8 COLLATE utf8_general_ci NOT NULL DEFAULT '' COMMENT '配置私钥文件路径',
  `upstream_keystr_path` varchar(255) CHARACTER SET utf8 COLLATE utf8_general_ci NOT NULL DEFAULT '' COMMENT '上游密钥地址',
  `upload_time` datetime(0) NOT NULL COMMENT '上传时间',
  `private_pwd` varchar(255) CHARACTER SET utf8 COLLATE utf8_general_ci NOT NULL DEFAULT '' COMMENT '配置私钥密码',
  PRIMARY KEY (`id`) USING BTREE
) ENGINE = InnoDB AUTO_INCREMENT = 27 CHARACTER SET = utf8 COLLATE = utf8_general_ci COMMENT = '账号密钥文件表' ROW_FORMAT = Dynamic;

-- ----------------------------
-- Records of amn_payment_account_keystr
-- ----------------------------
INSERT INTO `amn_payment_account_keystr` VALUES (6, 31, 'acd85ff686bb5f65432401613f10edc8', 'MIIBIjANBgkqhkiG9w0BAQEFAAOCAQ8AMIIBCgKCAQEA1npLpH3vkiTJNgLAqUVtaOYW74R+dfO0980Qa+imsMxo8F2aaLNL0nEWv0ZUOaeZMDGHEBHQfQAzrdIupJMBv+76U7sOtxY/3IRvDjxVqmtM9stQie8bNHcpgrd8yW2Np2TOmd5ZKCVFYP4PwmEQDqGwwO3hmWXa4ISotU8o0dO+I3IOdbvYAg4BK0AF6dxEuc021FqSWhfQE7+Ixm/9aJzwCnOAjo237PiDhoDD2UEVEWY9XD5pwBFMa4lnn5EyDigMeVg+rBC8wf7flkujo42WymtwXprc8jE1mEBj/lZu27Yab8NwqCLdOyRdiW1MXrPaukA7cUvsUkzQUSG0WwIDAQAB', 'MIIEowIBAAKCAQEA1npLpH3vkiTJNgLAqUVtaOYW74R+dfO0980Qa+imsMxo8F2aaLNL0nEWv0ZUOaeZMDGHEBHQfQAzrdIupJMBv+76U7sOtxY/3IRvDjxVqmtM9stQie8bNHcpgrd8yW2Np2TOmd5ZKCVFYP4PwmEQDqGwwO3hmWXa4ISotU8o0dO+I3IOdbvYAg4BK0AF6dxEuc021FqSWhfQE7+Ixm/9aJzwCnOAjo237PiDhoDD2UEVEWY9XD5pwBFMa4lnn5EyDigMeVg+rBC8wf7flkujo42WymtwXprc8jE1mEBj/lZu27Yab8NwqCLdOyRdiW1MXrPaukA7cUvsUkzQUSG0WwIDAQABAoIBABmV2TQ0OcILVV12EpmeyKB84juMaLGVcv8knVLiHBB3MgWKhQL8cI0YJIiI0T9XePTA08Xc+iwPPBr+OcY0Kz9EOOSIKgc5RkD+I2llVSrRRgsi0ebCeVJW7MLFNMOqp/1SDztXxPb/Czm41RRxE8NLEpTRS9pKxkOGT8HhQZNWIQ7xiVRbjZNe044u3J7GeBTjFcscY81QrAiC5DkcxV8i1esYz+6HVXtHpMf/B5URaZuWg/LnMVbKN4sGWlT8a3twFeR+xmEK//l9GULA7MXqDBRPYeD9Fuc46wXx8IeTPs0zGBEdir9atsSne8yHXnbTeN3tSydyiJLymc+T/vECgYEA+nFqQ53naUsBwh+tVu8JNVVLyGYih2pY2t94cP9zt3JJ1YKR4LcUNA3Owcd0JCYsvpG09p6QEFN4dzFu5I3edKiBh3hq9GJiPMpKbP6O1Oamu3yj+rcLRT9PZuGxbiqstFPZryvb2qYfdt2qKpyN8tjVdnz4o3R4Z67fD7n8+dUCgYEA2zyWa5/OmycFu4IpWXY8u5YsmYQ3r3Tv1aox2aCTaHp5+Fjmsuu8LvoK6Ll9JjZratVZZ3B/H4geB0k8MeIgv13OSzj243mCdRSM/4glFT43q+CgB0q64osisy3ZeONSjJuTrwpaERl57rxdLAxmfQMWZT3MXy8AcYhHBd9zXW8CgYBT12wvvskd4tJv3pL1K4j1pdx89lRQ6TVd8LotehePLl+xbsjPZfsJgiXZkaA8Cduo4LaoaWTpUkhd/tqVATmb7F2QsKt9rQIeP8qyunWuqJjg41UyNd08DXnTg3MW4op2xCt4DULI7BxUetjg8xBCYHz18dh7QB6e91gNt8INEQKBgQDBZQz8G5jR3PZ9ljCLrnWctLjbI3tL18fJn70h0Ti3rXLy1NmNc84pUoFVEmuHzfGr6FBZoy9AzX5PxxbGmkdxCHr2eGWx/HpMdbh7ocm0l5HcmOYSCKYbOcl+bi+tKDqltofsnSEefG7HXnqCZN3z4UlcPcuPG5M0k5azY44NGQKBgBwOOpjPqaNLcy0zWuZmmkrpvSJXR7OLiQKYMlbwyDYBScomoGD10BfkpYDDGtGS0FzIaKYS1xyxThYb9x6hPDmeLwuplmAtxMFmGuH8xRThsOhXcUZnZpNG2bIVx7ex4p+pZiWonyJtIeg7Is7GQSb17e+u4LuXMoYMaUeWlAUM', 'MIIBIjANBgkqhkiG9w0BAQEFAAOCAQ8AMIIBCgKCAQEAkJ8g80Yx7tXCQJjInRjVuZ75OuKuiBJpFQ4O8jiaMFFAhiaJmOZQUsnxXNWcbVdAGkJcY+bpT/kGukQb4J/j6vXkTaBtI887vY53nWiekSq89NDRkunJEY8q1kIxTt+m4/eQyT3Luf2omtjHXVWsq4Q2Fql3hRURgh5Jg07L2E7e4sQBK787UJw0Y+W60OWkVZIQDF0HINdOuPKd5MliPpesxN24/Wt844ctqo1mqfhIyRs0O5l9Vz/t2IuChW+CtnrLIhHXzPHscuGdw0eDBIjKOzSExnuPiJyf5s7fEogVr95/8wLlxl40NdKh7qBueLcGRIOGI2vHCgydvlTKiQIDAQAB', '', '', '', '0000-00-00 00:00:00', '');
INSERT INTO `amn_payment_account_keystr` VALUES (7, 32, 'acd85ff686bb5f65432401613f10edc8', NULL, NULL, '40967464d42936b51d91d9c0b1ece340', '', '', '', '0000-00-00 00:00:00', '');
INSERT INTO `amn_payment_account_keystr` VALUES (8, 33, NULL, NULL, NULL, NULL, '', '', '', '0000-00-00 00:00:00', '');
INSERT INTO `amn_payment_account_keystr` VALUES (9, 34, 'zyzyzzy', NULL, NULL, NULL, '', '', '', '0000-00-00 00:00:00', '');
INSERT INTO `amn_payment_account_keystr` VALUES (10, 35, NULL, NULL, NULL, NULL, '', '', '', '0000-00-00 00:00:00', '');
INSERT INTO `amn_payment_account_keystr` VALUES (11, 36, NULL, NULL, NULL, NULL, '', '', '', '0000-00-00 00:00:00', '');
INSERT INTO `amn_payment_account_keystr` VALUES (12, 37, 'acd85ff686bb5f65432401613f10edc8', 'MIIBIjANBgkqhkiG9w0BAQEFAAOCAQ8AMIIBCgKCAQEA1npLpH3vkiTJNgLAqUVtaOYW74R+dfO0980Qa+imsMxo8F2aaLNL0nEWv0ZUOaeZMDGHEBHQfQAzrdIupJMBv+76U7sOtxY/3IRvDjxVqmtM9stQie8bNHcpgrd8yW2Np2TOmd5ZKCVFYP4PwmEQDqGwwO3hmWXa4ISotU8o0dO+I3IOdbvYAg4BK0AF6dxEuc021FqSWhfQE7+Ixm/9aJzwCnOAjo237PiDhoDD2UEVEWY9XD5pwBFMa4lnn5EyDigMeVg+rBC8wf7flkujo42WymtwXprc8jE1mEBj/lZu27Yab8NwqCLdOyRdiW1MXrPaukA7cUvsUkzQUSG0WwIDAQAB', 'MIIEowIBAAKCAQEA1npLpH3vkiTJNgLAqUVtaOYW74R+dfO0980Qa+imsMxo8F2aaLNL0nEWv0ZUOaeZMDGHEBHQfQAzrdIupJMBv+76U7sOtxY/3IRvDjxVqmtM9stQie8bNHcpgrd8yW2Np2TOmd5ZKCVFYP4PwmEQDqGwwO3hmWXa4ISotU8o0dO+I3IOdbvYAg4BK0AF6dxEuc021FqSWhfQE7+Ixm/9aJzwCnOAjo237PiDhoDD2UEVEWY9XD5pwBFMa4lnn5EyDigMeVg+rBC8wf7flkujo42WymtwXprc8jE1mEBj/lZu27Yab8NwqCLdOyRdiW1MXrPaukA7cUvsUkzQUSG0WwIDAQABAoIBABmV2TQ0OcILVV12EpmeyKB84juMaLGVcv8knVLiHBB3MgWKhQL8cI0YJIiI0T9XePTA08Xc+iwPPBr+OcY0Kz9EOOSIKgc5RkD+I2llVSrRRgsi0ebCeVJW7MLFNMOqp/1SDztXxPb/Czm41RRxE8NLEpTRS9pKxkOGT8HhQZNWIQ7xiVRbjZNe044u3J7GeBTjFcscY81QrAiC5DkcxV8i1esYz+6HVXtHpMf/B5URaZuWg/LnMVbKN4sGWlT8a3twFeR+xmEK//l9GULA7MXqDBRPYeD9Fuc46wXx8IeTPs0zGBEdir9atsSne8yHXnbTeN3tSydyiJLymc+T/vECgYEA+nFqQ53naUsBwh+tVu8JNVVLyGYih2pY2t94cP9zt3JJ1YKR4LcUNA3Owcd0JCYsvpG09p6QEFN4dzFu5I3edKiBh3hq9GJiPMpKbP6O1Oamu3yj+rcLRT9PZuGxbiqstFPZryvb2qYfdt2qKpyN8tjVdnz4o3R4Z67fD7n8+dUCgYEA2zyWa5/OmycFu4IpWXY8u5YsmYQ3r3Tv1aox2aCTaHp5+Fjmsuu8LvoK6Ll9JjZratVZZ3B/H4geB0k8MeIgv13OSzj243mCdRSM/4glFT43q+CgB0q64osisy3ZeONSjJuTrwpaERl57rxdLAxmfQMWZT3MXy8AcYhHBd9zXW8CgYBT12wvvskd4tJv3pL1K4j1pdx89lRQ6TVd8LotehePLl+xbsjPZfsJgiXZkaA8Cduo4LaoaWTpUkhd/tqVATmb7F2QsKt9rQIeP8qyunWuqJjg41UyNd08DXnTg3MW4op2xCt4DULI7BxUetjg8xBCYHz18dh7QB6e91gNt8INEQKBgQDBZQz8G5jR3PZ9ljCLrnWctLjbI3tL18fJn70h0Ti3rXLy1NmNc84pUoFVEmuHzfGr6FBZoy9AzX5PxxbGmkdxCHr2eGWx/HpMdbh7ocm0l5HcmOYSCKYbOcl+bi+tKDqltofsnSEefG7HXnqCZN3z4UlcPcuPG5M0k5azY44NGQKBgBwOOpjPqaNLcy0zWuZmmkrpvSJXR7OLiQKYMlbwyDYBScomoGD10BfkpYDDGtGS0FzIaKYS1xyxThYb9x6hPDmeLwuplmAtxMFmGuH8xRThsOhXcUZnZpNG2bIVx7ex4p+pZiWonyJtIeg7Is7GQSb17e+u4LuXMoYMaUeWlAUM', 'MIIBIjANBgkqhkiG9w0BAQEFAAOCAQ8AMIIBCgKCAQEAkJ8g80Yx7tXCQJjInRjVuZ75OuKuiBJpFQ4O8jiaMFFAhiaJmOZQUsnxXNWcbVdAGkJcY+bpT/kGukQb4J/j6vXkTaBtI887vY53nWiekSq89NDRkunJEY8q1kIxTt+m4/eQyT3Luf2omtjHXVWsq4Q2Fql3hRURgh5Jg07L2E7e4sQBK787UJw0Y+W60OWkVZIQDF0HINdOuPKd5MliPpesxN24/Wt844ctqo1mqfhIyRs0O5l9Vz/t2IuChW+CtnrLIhHXzPHscuGdw0eDBIjKOzSExnuPiJyf5s7fEogVr95/8wLlxl40NdKh7qBueLcGRIOGI2vHCgydvlTKiQIDAQAB', '', '', '', '0000-00-00 00:00:00', '');
INSERT INTO `amn_payment_account_keystr` VALUES (13, 38, 'acd85ff686bb5f65432401613f10edc8', 'MIIBIjANBgkqhkiG9w0BAQEFAAOCAQ8AMIIBCgKCAQEA1npLpH3vkiTJNgLAqUVtaOYW74R+dfO0980Qa+imsMxo8F2aaLNL0nEWv0ZUOaeZMDGHEBHQfQAzrdIupJMBv+76U7sOtxY/3IRvDjxVqmtM9stQie8bNHcpgrd8yW2Np2TOmd5ZKCVFYP4PwmEQDqGwwO3hmWXa4ISotU8o0dO+I3IOdbvYAg4BK0AF6dxEuc021FqSWhfQE7+Ixm/9aJzwCnOAjo237PiDhoDD2UEVEWY9XD5pwBFMa4lnn5EyDigMeVg+rBC8wf7flkujo42WymtwXprc8jE1mEBj/lZu27Yab8NwqCLdOyRdiW1MXrPaukA7cUvsUkzQUSG0WwIDAQAB', 'MIIEowIBAAKCAQEA1npLpH3vkiTJNgLAqUVtaOYW74R+dfO0980Qa+imsMxo8F2aaLNL0nEWv0ZUOaeZMDGHEBHQfQAzrdIupJMBv+76U7sOtxY/3IRvDjxVqmtM9stQie8bNHcpgrd8yW2Np2TOmd5ZKCVFYP4PwmEQDqGwwO3hmWXa4ISotU8o0dO+I3IOdbvYAg4BK0AF6dxEuc021FqSWhfQE7+Ixm/9aJzwCnOAjo237PiDhoDD2UEVEWY9XD5pwBFMa4lnn5EyDigMeVg+rBC8wf7flkujo42WymtwXprc8jE1mEBj/lZu27Yab8NwqCLdOyRdiW1MXrPaukA7cUvsUkzQUSG0WwIDAQABAoIBABmV2TQ0OcILVV12EpmeyKB84juMaLGVcv8knVLiHBB3MgWKhQL8cI0YJIiI0T9XePTA08Xc+iwPPBr+OcY0Kz9EOOSIKgc5RkD+I2llVSrRRgsi0ebCeVJW7MLFNMOqp/1SDztXxPb/Czm41RRxE8NLEpTRS9pKxkOGT8HhQZNWIQ7xiVRbjZNe044u3J7GeBTjFcscY81QrAiC5DkcxV8i1esYz+6HVXtHpMf/B5URaZuWg/LnMVbKN4sGWlT8a3twFeR+xmEK//l9GULA7MXqDBRPYeD9Fuc46wXx8IeTPs0zGBEdir9atsSne8yHXnbTeN3tSydyiJLymc+T/vECgYEA+nFqQ53naUsBwh+tVu8JNVVLyGYih2pY2t94cP9zt3JJ1YKR4LcUNA3Owcd0JCYsvpG09p6QEFN4dzFu5I3edKiBh3hq9GJiPMpKbP6O1Oamu3yj+rcLRT9PZuGxbiqstFPZryvb2qYfdt2qKpyN8tjVdnz4o3R4Z67fD7n8+dUCgYEA2zyWa5/OmycFu4IpWXY8u5YsmYQ3r3Tv1aox2aCTaHp5+Fjmsuu8LvoK6Ll9JjZratVZZ3B/H4geB0k8MeIgv13OSzj243mCdRSM/4glFT43q+CgB0q64osisy3ZeONSjJuTrwpaERl57rxdLAxmfQMWZT3MXy8AcYhHBd9zXW8CgYBT12wvvskd4tJv3pL1K4j1pdx89lRQ6TVd8LotehePLl+xbsjPZfsJgiXZkaA8Cduo4LaoaWTpUkhd/tqVATmb7F2QsKt9rQIeP8qyunWuqJjg41UyNd08DXnTg3MW4op2xCt4DULI7BxUetjg8xBCYHz18dh7QB6e91gNt8INEQKBgQDBZQz8G5jR3PZ9ljCLrnWctLjbI3tL18fJn70h0Ti3rXLy1NmNc84pUoFVEmuHzfGr6FBZoy9AzX5PxxbGmkdxCHr2eGWx/HpMdbh7ocm0l5HcmOYSCKYbOcl+bi+tKDqltofsnSEefG7HXnqCZN3z4UlcPcuPG5M0k5azY44NGQKBgBwOOpjPqaNLcy0zWuZmmkrpvSJXR7OLiQKYMlbwyDYBScomoGD10BfkpYDDGtGS0FzIaKYS1xyxThYb9x6hPDmeLwuplmAtxMFmGuH8xRThsOhXcUZnZpNG2bIVx7ex4p+pZiWonyJtIeg7Is7GQSb17e+u4LuXMoYMaUeWlAUM', 'MIIBIjANBgkqhkiG9w0BAQEFAAOCAQ8AMIIBCgKCAQEAkJ8g80Yx7tXCQJjInRjVuZ75OuKuiBJpFQ4O8jiaMFFAhiaJmOZQUsnxXNWcbVdAGkJcY+bpT/kGukQb4J/j6vXkTaBtI887vY53nWiekSq89NDRkunJEY8q1kIxTt+m4/eQyT3Luf2omtjHXVWsq4Q2Fql3hRURgh5Jg07L2E7e4sQBK787UJw0Y+W60OWkVZIQDF0HINdOuPKd5MliPpesxN24/Wt844ctqo1mqfhIyRs0O5l9Vz/t2IuChW+CtnrLIhHXzPHscuGdw0eDBIjKOzSExnuPiJyf5s7fEogVr95/8wLlxl40NdKh7qBueLcGRIOGI2vHCgydvlTKiQIDAQAB', '', '', '', '0000-00-00 00:00:00', '');
INSERT INTO `amn_payment_account_keystr` VALUES (14, 39, 'acd85ff686bb5f65432401613f10edc8', 'MIIBIjANBgkqhkiG9w0BAQEFAAOCAQ8AMIIBCgKCAQEA1npLpH3vkiTJNgLAqUVtaOYW74R+dfO0980Qa+imsMxo8F2aaLNL0nEWv0ZUOaeZMDGHEBHQfQAzrdIupJMBv+76U7sOtxY/3IRvDjxVqmtM9stQie8bNHcpgrd8yW2Np2TOmd5ZKCVFYP4PwmEQDqGwwO3hmWXa4ISotU8o0dO+I3IOdbvYAg4BK0AF6dxEuc021FqSWhfQE7+Ixm/9aJzwCnOAjo237PiDhoDD2UEVEWY9XD5pwBFMa4lnn5EyDigMeVg+rBC8wf7flkujo42WymtwXprc8jE1mEBj/lZu27Yab8NwqCLdOyRdiW1MXrPaukA7cUvsUkzQUSG0WwIDAQAB', 'MIIEowIBAAKCAQEA1npLpH3vkiTJNgLAqUVtaOYW74R+dfO0980Qa+imsMxo8F2aaLNL0nEWv0ZUOaeZMDGHEBHQfQAzrdIupJMBv+76U7sOtxY/3IRvDjxVqmtM9stQie8bNHcpgrd8yW2Np2TOmd5ZKCVFYP4PwmEQDqGwwO3hmWXa4ISotU8o0dO+I3IOdbvYAg4BK0AF6dxEuc021FqSWhfQE7+Ixm/9aJzwCnOAjo237PiDhoDD2UEVEWY9XD5pwBFMa4lnn5EyDigMeVg+rBC8wf7flkujo42WymtwXprc8jE1mEBj/lZu27Yab8NwqCLdOyRdiW1MXrPaukA7cUvsUkzQUSG0WwIDAQABAoIBABmV2TQ0OcILVV12EpmeyKB84juMaLGVcv8knVLiHBB3MgWKhQL8cI0YJIiI0T9XePTA08Xc+iwPPBr+OcY0Kz9EOOSIKgc5RkD+I2llVSrRRgsi0ebCeVJW7MLFNMOqp/1SDztXxPb/Czm41RRxE8NLEpTRS9pKxkOGT8HhQZNWIQ7xiVRbjZNe044u3J7GeBTjFcscY81QrAiC5DkcxV8i1esYz+6HVXtHpMf/B5URaZuWg/LnMVbKN4sGWlT8a3twFeR+xmEK//l9GULA7MXqDBRPYeD9Fuc46wXx8IeTPs0zGBEdir9atsSne8yHXnbTeN3tSydyiJLymc+T/vECgYEA+nFqQ53naUsBwh+tVu8JNVVLyGYih2pY2t94cP9zt3JJ1YKR4LcUNA3Owcd0JCYsvpG09p6QEFN4dzFu5I3edKiBh3hq9GJiPMpKbP6O1Oamu3yj+rcLRT9PZuGxbiqstFPZryvb2qYfdt2qKpyN8tjVdnz4o3R4Z67fD7n8+dUCgYEA2zyWa5/OmycFu4IpWXY8u5YsmYQ3r3Tv1aox2aCTaHp5+Fjmsuu8LvoK6Ll9JjZratVZZ3B/H4geB0k8MeIgv13OSzj243mCdRSM/4glFT43q+CgB0q64osisy3ZeONSjJuTrwpaERl57rxdLAxmfQMWZT3MXy8AcYhHBd9zXW8CgYBT12wvvskd4tJv3pL1K4j1pdx89lRQ6TVd8LotehePLl+xbsjPZfsJgiXZkaA8Cduo4LaoaWTpUkhd/tqVATmb7F2QsKt9rQIeP8qyunWuqJjg41UyNd08DXnTg3MW4op2xCt4DULI7BxUetjg8xBCYHz18dh7QB6e91gNt8INEQKBgQDBZQz8G5jR3PZ9ljCLrnWctLjbI3tL18fJn70h0Ti3rXLy1NmNc84pUoFVEmuHzfGr6FBZoy9AzX5PxxbGmkdxCHr2eGWx/HpMdbh7ocm0l5HcmOYSCKYbOcl+bi+tKDqltofsnSEefG7HXnqCZN3z4UlcPcuPG5M0k5azY44NGQKBgBwOOpjPqaNLcy0zWuZmmkrpvSJXR7OLiQKYMlbwyDYBScomoGD10BfkpYDDGtGS0FzIaKYS1xyxThYb9x6hPDmeLwuplmAtxMFmGuH8xRThsOhXcUZnZpNG2bIVx7ex4p+pZiWonyJtIeg7Is7GQSb17e+u4LuXMoYMaUeWlAUM', 'MIIBIjANBgkqhkiG9w0BAQEFAAOCAQ8AMIIBCgKCAQEAkJ8g80Yx7tXCQJjInRjVuZ75OuKuiBJpFQ4O8jiaMFFAhiaJmOZQUsnxXNWcbVdAGkJcY+bpT/kGukQb4J/j6vXkTaBtI887vY53nWiekSq89NDRkunJEY8q1kIxTt+m4/eQyT3Luf2omtjHXVWsq4Q2Fql3hRURgh5Jg07L2E7e4sQBK787UJw0Y+W60OWkVZIQDF0HINdOuPKd5MliPpesxN24/Wt844ctqo1mqfhIyRs0O5l9Vz/t2IuChW+CtnrLIhHXzPHscuGdw0eDBIjKOzSExnuPiJyf5s7fEogVr95/8wLlxl40NdKh7qBueLcGRIOGI2vHCgydvlTKiQIDAQAB', '', '', '', '0000-00-00 00:00:00', '');
INSERT INTO `amn_payment_account_keystr` VALUES (15, 40, 'acd85ff686bb5f65432401613f10edc8', 'MIIBIjANBgkqhkiG9w0BAQEFAAOCAQ8AMIIBCgKCAQEA1npLpH3vkiTJNgLAqUVtaOYW74R+dfO0980Qa+imsMxo8F2aaLNL0nEWv0ZUOaeZMDGHEBHQfQAzrdIupJMBv+76U7sOtxY/3IRvDjxVqmtM9stQie8bNHcpgrd8yW2Np2TOmd5ZKCVFYP4PwmEQDqGwwO3hmWXa4ISotU8o0dO+I3IOdbvYAg4BK0AF6dxEuc021FqSWhfQE7+Ixm/9aJzwCnOAjo237PiDhoDD2UEVEWY9XD5pwBFMa4lnn5EyDigMeVg+rBC8wf7flkujo42WymtwXprc8jE1mEBj/lZu27Yab8NwqCLdOyRdiW1MXrPaukA7cUvsUkzQUSG0WwIDAQAB', 'MIIEowIBAAKCAQEA1npLpH3vkiTJNgLAqUVtaOYW74R+dfO0980Qa+imsMxo8F2aaLNL0nEWv0ZUOaeZMDGHEBHQfQAzrdIupJMBv+76U7sOtxY/3IRvDjxVqmtM9stQie8bNHcpgrd8yW2Np2TOmd5ZKCVFYP4PwmEQDqGwwO3hmWXa4ISotU8o0dO+I3IOdbvYAg4BK0AF6dxEuc021FqSWhfQE7+Ixm/9aJzwCnOAjo237PiDhoDD2UEVEWY9XD5pwBFMa4lnn5EyDigMeVg+rBC8wf7flkujo42WymtwXprc8jE1mEBj/lZu27Yab8NwqCLdOyRdiW1MXrPaukA7cUvsUkzQUSG0WwIDAQABAoIBABmV2TQ0OcILVV12EpmeyKB84juMaLGVcv8knVLiHBB3MgWKhQL8cI0YJIiI0T9XePTA08Xc+iwPPBr+OcY0Kz9EOOSIKgc5RkD+I2llVSrRRgsi0ebCeVJW7MLFNMOqp/1SDztXxPb/Czm41RRxE8NLEpTRS9pKxkOGT8HhQZNWIQ7xiVRbjZNe044u3J7GeBTjFcscY81QrAiC5DkcxV8i1esYz+6HVXtHpMf/B5URaZuWg/LnMVbKN4sGWlT8a3twFeR+xmEK//l9GULA7MXqDBRPYeD9Fuc46wXx8IeTPs0zGBEdir9atsSne8yHXnbTeN3tSydyiJLymc+T/vECgYEA+nFqQ53naUsBwh+tVu8JNVVLyGYih2pY2t94cP9zt3JJ1YKR4LcUNA3Owcd0JCYsvpG09p6QEFN4dzFu5I3edKiBh3hq9GJiPMpKbP6O1Oamu3yj+rcLRT9PZuGxbiqstFPZryvb2qYfdt2qKpyN8tjVdnz4o3R4Z67fD7n8+dUCgYEA2zyWa5/OmycFu4IpWXY8u5YsmYQ3r3Tv1aox2aCTaHp5+Fjmsuu8LvoK6Ll9JjZratVZZ3B/H4geB0k8MeIgv13OSzj243mCdRSM/4glFT43q+CgB0q64osisy3ZeONSjJuTrwpaERl57rxdLAxmfQMWZT3MXy8AcYhHBd9zXW8CgYBT12wvvskd4tJv3pL1K4j1pdx89lRQ6TVd8LotehePLl+xbsjPZfsJgiXZkaA8Cduo4LaoaWTpUkhd/tqVATmb7F2QsKt9rQIeP8qyunWuqJjg41UyNd08DXnTg3MW4op2xCt4DULI7BxUetjg8xBCYHz18dh7QB6e91gNt8INEQKBgQDBZQz8G5jR3PZ9ljCLrnWctLjbI3tL18fJn70h0Ti3rXLy1NmNc84pUoFVEmuHzfGr6FBZoy9AzX5PxxbGmkdxCHr2eGWx/HpMdbh7ocm0l5HcmOYSCKYbOcl+bi+tKDqltofsnSEefG7HXnqCZN3z4UlcPcuPG5M0k5azY44NGQKBgBwOOpjPqaNLcy0zWuZmmkrpvSJXR7OLiQKYMlbwyDYBScomoGD10BfkpYDDGtGS0FzIaKYS1xyxThYb9x6hPDmeLwuplmAtxMFmGuH8xRThsOhXcUZnZpNG2bIVx7ex4p+pZiWonyJtIeg7Is7GQSb17e+u4LuXMoYMaUeWlAUM', 'MIIBIjANBgkqhkiG9w0BAQEFAAOCAQ8AMIIBCgKCAQEAkJ8g80Yx7tXCQJjInRjVuZ75OuKuiBJpFQ4O8jiaMFFAhiaJmOZQUsnxXNWcbVdAGkJcY+bpT/kGukQb4J/j6vXkTaBtI887vY53nWiekSq89NDRkunJEY8q1kIxTt+m4/eQyT3Luf2omtjHXVWsq4Q2Fql3hRURgh5Jg07L2E7e4sQBK787UJw0Y+W60OWkVZIQDF0HINdOuPKd5MliPpesxN24/Wt844ctqo1mqfhIyRs0O5l9Vz/t2IuChW+CtnrLIhHXzPHscuGdw0eDBIjKOzSExnuPiJyf5s7fEogVr95/8wLlxl40NdKh7qBueLcGRIOGI2vHCgydvlTKiQIDAQAB', '', '', '', '0000-00-00 00:00:00', '');
INSERT INTO `amn_payment_account_keystr` VALUES (16, 41, 'acd85ff686bb5f65432401613f10edc8', NULL, NULL, '40967464d42936b51d91d9c0b1ece340', '', '', '', '0000-00-00 00:00:00', '');
INSERT INTO `amn_payment_account_keystr` VALUES (17, 42, 'acd85ff686bb5f65432401613f10edc8', NULL, NULL, '40967464d42936b51d91d9c0b1ece340', '', '', '', '0000-00-00 00:00:00', '');
INSERT INTO `amn_payment_account_keystr` VALUES (18, 43, NULL, 'MIIBIjANBgkqhkiG9w0BAQEFAAOCAQ8AMIIBCgKCAQEAyIwo8Jq6XiUSY8cMrDfTRb65QaWcPH2hITZrei3jgLIdHP3kTQjZueWhp2nQ7H9s6nD99MYSydB4YKZ5qVAoVxuwRE1fnNKOx8M3npIcr/JKtvCN5TrE1XIUyxWG3F7sPbsafN+7Gwxqh5gT4/u/zq5busBztvXh+/woiqi3EGQ1WO9+P4AtYA6nr3KoVU7hdO8Aj+6aXMjQQTtDrgH/oiAHkEMJfrQmZ6irdnxzRwQ53D/GzVieAqME/sUMeIBWiy/Uj7d2TVJZkLLlC76lg6AVo/z9Wl26T0wyttxlCzjfZt1naT3B5IIp8k6lYrOdj3SX1gMD3ej0NGnnrQuuvwIDAQAB', 'MIIEvgIBADANBgkqhkiG9w0BAQEFAASCBKgwggSkAgEAAoIBAQDPkuhIuT1BmdY+InSQw1vr7EGHTPVepGfA6UKfwSuBXe0WIu2SGqi4BfQvd+Hocjr+OQJcWGux9BkfwuccKJvb0xEzZQPsATrrZXp9o4dlc5ucW9AECFc9CK5se/G/KJzO1ClKCsFJKC4DunADCIEBEJ4Ya9fEPxliS7ZoZkEn6QqqRm0Dw5r6i4G4955zeE/yfmrMzZEQ9gxawPeuzItkvQwerEteRF/PPMJ9HFE04pMrXHO9B0sOGyLJxz2GGsbX/APvQ+3LDpWIpWTwHhskzzxo0rckHA888WGrTsNY3foa0JBxgfNBjPE61xmL3kOLRyvI38G+NL2pJ/Td4ALxAgMBAAECggEAL9NtabQkhQTo9BAEQ4Z/m3An+QCmWFQRA8W68AwV9gyqH7uUeWFjFmNoy7cXefM33HNOM/C7f5j6YPMLRNWmc5PCFtFjgfEWnj4XZvNSsvFcHT6aQxOY5hsl9SDppl25I36GtOSdfDmhwIIoZMqEzrYBdycB49mWA6vmL0/AG22QFQF92Shzbt8Svf00gnjzWKojFeV3tmm2CT99NuCbepyVxrldy6nczNZb1bCcAdtJujOhDMXU/LlkTv9cqaIpca8ezcOk+AYFny+vWiLQVIMrSAwbm00JAq9L/HKwXqSEY6EzLQXp4PnWtmHm7rYlWt6WX6nGc39GbNkj703GMQKBgQDdvbGqrJMkLPuJEZV+6AiUdWmmfnl/KRefn+Dt9UQ5HTmiNX5LEnji5703qkJMc8GG0wr5wtwidR/nH/bIzvO62Q1o5bisVLrjdAScA/Z8BTqlK3yrfU5Y/0JnzvN63D/5zKSKPsCMCCim+n2iz0MV66Kp22jNx/FqnXR1ahTKkwKBgQDvpN/Za6FdhQav8Ejr8Xj9/MA0z01ll0fvw++6rj6RKB016KbWgT0Rx4EF1qRH2VnQ6gdeKptt/xHdmRHVvcAetxta3qTGhSCr0jcnj40ZIhkanBVbNUVmOXlKFviIAaeC+0aPWXWJjqOzswNz4M0FUxS4NXswf7GgSM84gsB66wKBgGnS9zCaDdsM8LqYvr0DJd0cL+C6qWdLiC+xEJrgG8AaN4A3gV94oGLB8CbZxaxQ7kJXA/zwxzhWp3QZaCCry9wXbHPsdncgNNUKcIy4w3Cq2jMrjuMU+Ug2Ak4ikUbISGwCA2DK0//AgQ43q7AAtGaIv2fLA7h5vLiCDqtehi+rAoGBAIcAovqhH67HmhTTkMEar8al9MHLZxasOuJfx1Wrg6PSrWIJRrPg6r5xXcYkPTgcwfRnYu8xoY49+5qS+PEojGrBTK/MbZdIuDcTne6zeBGInAvZkk5nnEkSZ7nNZwV3qR6o3/8xrn1n1eEOIAvPwLAXNbzwpA2WYkKhwdtcDYMxAoGBALS8HczjI3PxVT+NHa0wpJIkVkJf3mYJZj+F8NN3wUPxO7snOmBSxtSetJqQM+bJajFBK8meERg6EEaro+UxvycEedY0+PYOZ/hO/6wmhTUXcjhSHmOfy/1I+6zlaKSb/Q1aVwS4OPDWgmLVbg7ooXPbeiBpmvNPuJ5dmNHgvKmj', NULL, 'Public/Uploads/payapiaccountkey/account-43/publickeystr.cer', 'Public/Uploads/payapiaccountkey/account-43/privatekeystr.pfx', '', '2019-04-08 18:28:00', 'Zz1314520');
INSERT INTO `amn_payment_account_keystr` VALUES (19, 44, NULL, NULL, NULL, NULL, '', '', '', '0000-00-00 00:00:00', '');
INSERT INTO `amn_payment_account_keystr` VALUES (20, 45, 'acd85ff686bb5f65432401613f10edc8', NULL, NULL, NULL, '', '', '', '0000-00-00 00:00:00', '');
INSERT INTO `amn_payment_account_keystr` VALUES (21, 46, NULL, NULL, NULL, NULL, '', '', '', '0000-00-00 00:00:00', '');
INSERT INTO `amn_payment_account_keystr` VALUES (22, 47, NULL, NULL, NULL, NULL, '', '', '', '0000-00-00 00:00:00', '');
INSERT INTO `amn_payment_account_keystr` VALUES (23, 48, NULL, NULL, NULL, NULL, '', '', '', '0000-00-00 00:00:00', '');
INSERT INTO `amn_payment_account_keystr` VALUES (24, 49, 'acd85ff686bb5f65432401613f10edc8', NULL, NULL, '40967464d42936b51d91d9c0b1ece340', '', '', '', '0000-00-00 00:00:00', '');
INSERT INTO `amn_payment_account_keystr` VALUES (25, 50, 'acd85ff686bb5f65432401613f10edc8', NULL, NULL, '40967464d42936b51d91d9c0b1ece340', '', '', '', '0000-00-00 00:00:00', '');
INSERT INTO `amn_payment_account_keystr` VALUES (26, 51, 'acd85ff686bb5f65432401613f10edc8', 'MIIBIjANBgkqhkiG9w0BAQEFAAOCAQ8AMIIBCgKCAQEA1npLpH3vkiTJNgLAqUVtaOYW74R+dfO0980Qa+imsMxo8F2aaLNL0nEWv0ZUOaeZMDGHEBHQfQAzrdIupJMBv+76U7sOtxY/3IRvDjxVqmtM9stQie8bNHcpgrd8yW2Np2TOmd5ZKCVFYP4PwmEQDqGwwO3hmWXa4ISotU8o0dO+I3IOdbvYAg4BK0AF6dxEuc021FqSWhfQE7+Ixm/9aJzwCnOAjo237PiDhoDD2UEVEWY9XD5pwBFMa4lnn5EyDigMeVg+rBC8wf7flkujo42WymtwXprc8jE1mEBj/lZu27Yab8NwqCLdOyRdiW1MXrPaukA7cUvsUkzQUSG0WwIDAQAB', 'MIIEowIBAAKCAQEA1npLpH3vkiTJNgLAqUVtaOYW74R+dfO0980Qa+imsMxo8F2aaLNL0nEWv0ZUOaeZMDGHEBHQfQAzrdIupJMBv+76U7sOtxY/3IRvDjxVqmtM9stQie8bNHcpgrd8yW2Np2TOmd5ZKCVFYP4PwmEQDqGwwO3hmWXa4ISotU8o0dO+I3IOdbvYAg4BK0AF6dxEuc021FqSWhfQE7+Ixm/9aJzwCnOAjo237PiDhoDD2UEVEWY9XD5pwBFMa4lnn5EyDigMeVg+rBC8wf7flkujo42WymtwXprc8jE1mEBj/lZu27Yab8NwqCLdOyRdiW1MXrPaukA7cUvsUkzQUSG0WwIDAQABAoIBABmV2TQ0OcILVV12EpmeyKB84juMaLGVcv8knVLiHBB3MgWKhQL8cI0YJIiI0T9XePTA08Xc+iwPPBr+OcY0Kz9EOOSIKgc5RkD+I2llVSrRRgsi0ebCeVJW7MLFNMOqp/1SDztXxPb/Czm41RRxE8NLEpTRS9pKxkOGT8HhQZNWIQ7xiVRbjZNe044u3J7GeBTjFcscY81QrAiC5DkcxV8i1esYz+6HVXtHpMf/B5URaZuWg/LnMVbKN4sGWlT8a3twFeR+xmEK//l9GULA7MXqDBRPYeD9Fuc46wXx8IeTPs0zGBEdir9atsSne8yHXnbTeN3tSydyiJLymc+T/vECgYEA+nFqQ53naUsBwh+tVu8JNVVLyGYih2pY2t94cP9zt3JJ1YKR4LcUNA3Owcd0JCYsvpG09p6QEFN4dzFu5I3edKiBh3hq9GJiPMpKbP6O1Oamu3yj+rcLRT9PZuGxbiqstFPZryvb2qYfdt2qKpyN8tjVdnz4o3R4Z67fD7n8+dUCgYEA2zyWa5/OmycFu4IpWXY8u5YsmYQ3r3Tv1aox2aCTaHp5+Fjmsuu8LvoK6Ll9JjZratVZZ3B/H4geB0k8MeIgv13OSzj243mCdRSM/4glFT43q+CgB0q64osisy3ZeONSjJuTrwpaERl57rxdLAxmfQMWZT3MXy8AcYhHBd9zXW8CgYBT12wvvskd4tJv3pL1K4j1pdx89lRQ6TVd8LotehePLl+xbsjPZfsJgiXZkaA8Cduo4LaoaWTpUkhd/tqVATmb7F2QsKt9rQIeP8qyunWuqJjg41UyNd08DXnTg3MW4op2xCt4DULI7BxUetjg8xBCYHz18dh7QB6e91gNt8INEQKBgQDBZQz8G5jR3PZ9ljCLrnWctLjbI3tL18fJn70h0Ti3rXLy1NmNc84pUoFVEmuHzfGr6FBZoy9AzX5PxxbGmkdxCHr2eGWx/HpMdbh7ocm0l5HcmOYSCKYbOcl+bi+tKDqltofsnSEefG7HXnqCZN3z4UlcPcuPG5M0k5azY44NGQKBgBwOOpjPqaNLcy0zWuZmmkrpvSJXR7OLiQKYMlbwyDYBScomoGD10BfkpYDDGtGS0FzIaKYS1xyxThYb9x6hPDmeLwuplmAtxMFmGuH8xRThsOhXcUZnZpNG2bIVx7ex4p+pZiWonyJtIeg7Is7GQSb17e+u4LuXMoYMaUeWlAUM', 'MIIBIjANBgkqhkiG9w0BAQEFAAOCAQ8AMIIBCgKCAQEAkJ8g80Yx7tXCQJjInRjVuZ75OuKuiBJpFQ4O8jiaMFFAhiaJmOZQUsnxXNWcbVdAGkJcY+bpT/kGukQb4J/j6vXkTaBtI887vY53nWiekSq89NDRkunJEY8q1kIxTt+m4/eQyT3Luf2omtjHXVWsq4Q2Fql3hRURgh5Jg07L2E7e4sQBK787UJw0Y+W60OWkVZIQDF0HINdOuPKd5MliPpesxN24/Wt844ctqo1mqfhIyRs0O5l9Vz/t2IuChW+CtnrLIhHXzPHscuGdw0eDBIjKOzSExnuPiJyf5s7fEogVr95/8wLlxl40NdKh7qBueLcGRIOGI2vHCgydvlTKiQIDAQAB', '', '', '', '0000-00-00 00:00:00', '');
INSERT INTO `amn_payment_account_keystr` VALUES (27, 52, 'acd85ff686bb5f65432401613f10edc8', 'MIIBIjANBgkqhkiG9w0BAQEFAAOCAQ8AMIIBCgKCAQEA1npLpH3vkiTJNgLAqUVtaOYW74R+dfO0980Qa+imsMxo8F2aaLNL0nEWv0ZUOaeZMDGHEBHQfQAzrdIupJMBv+76U7sOtxY/3IRvDjxVqmtM9stQie8bNHcpgrd8yW2Np2TOmd5ZKCVFYP4PwmEQDqGwwO3hmWXa4ISotU8o0dO+I3IOdbvYAg4BK0AF6dxEuc021FqSWhfQE7+Ixm/9aJzwCnOAjo237PiDhoDD2UEVEWY9XD5pwBFMa4lnn5EyDigMeVg+rBC8wf7flkujo42WymtwXprc8jE1mEBj/lZu27Yab8NwqCLdOyRdiW1MXrPaukA7cUvsUkzQUSG0WwIDAQAB', 'MIIEowIBAAKCAQEA1npLpH3vkiTJNgLAqUVtaOYW74R+dfO0980Qa+imsMxo8F2aaLNL0nEWv0ZUOaeZMDGHEBHQfQAzrdIupJMBv+76U7sOtxY/3IRvDjxVqmtM9stQie8bNHcpgrd8yW2Np2TOmd5ZKCVFYP4PwmEQDqGwwO3hmWXa4ISotU8o0dO+I3IOdbvYAg4BK0AF6dxEuc021FqSWhfQE7+Ixm/9aJzwCnOAjo237PiDhoDD2UEVEWY9XD5pwBFMa4lnn5EyDigMeVg+rBC8wf7flkujo42WymtwXprc8jE1mEBj/lZu27Yab8NwqCLdOyRdiW1MXrPaukA7cUvsUkzQUSG0WwIDAQABAoIBABmV2TQ0OcILVV12EpmeyKB84juMaLGVcv8knVLiHBB3MgWKhQL8cI0YJIiI0T9XePTA08Xc+iwPPBr+OcY0Kz9EOOSIKgc5RkD+I2llVSrRRgsi0ebCeVJW7MLFNMOqp/1SDztXxPb/Czm41RRxE8NLEpTRS9pKxkOGT8HhQZNWIQ7xiVRbjZNe044u3J7GeBTjFcscY81QrAiC5DkcxV8i1esYz+6HVXtHpMf/B5URaZuWg/LnMVbKN4sGWlT8a3twFeR+xmEK//l9GULA7MXqDBRPYeD9Fuc46wXx8IeTPs0zGBEdir9atsSne8yHXnbTeN3tSydyiJLymc+T/vECgYEA+nFqQ53naUsBwh+tVu8JNVVLyGYih2pY2t94cP9zt3JJ1YKR4LcUNA3Owcd0JCYsvpG09p6QEFN4dzFu5I3edKiBh3hq9GJiPMpKbP6O1Oamu3yj+rcLRT9PZuGxbiqstFPZryvb2qYfdt2qKpyN8tjVdnz4o3R4Z67fD7n8+dUCgYEA2zyWa5/OmycFu4IpWXY8u5YsmYQ3r3Tv1aox2aCTaHp5+Fjmsuu8LvoK6Ll9JjZratVZZ3B/H4geB0k8MeIgv13OSzj243mCdRSM/4glFT43q+CgB0q64osisy3ZeONSjJuTrwpaERl57rxdLAxmfQMWZT3MXy8AcYhHBd9zXW8CgYBT12wvvskd4tJv3pL1K4j1pdx89lRQ6TVd8LotehePLl+xbsjPZfsJgiXZkaA8Cduo4LaoaWTpUkhd/tqVATmb7F2QsKt9rQIeP8qyunWuqJjg41UyNd08DXnTg3MW4op2xCt4DULI7BxUetjg8xBCYHz18dh7QB6e91gNt8INEQKBgQDBZQz8G5jR3PZ9ljCLrnWctLjbI3tL18fJn70h0Ti3rXLy1NmNc84pUoFVEmuHzfGr6FBZoy9AzX5PxxbGmkdxCHr2eGWx/HpMdbh7ocm0l5HcmOYSCKYbOcl+bi+tKDqltofsnSEefG7HXnqCZN3z4UlcPcuPG5M0k5azY44NGQKBgBwOOpjPqaNLcy0zWuZmmkrpvSJXR7OLiQKYMlbwyDYBScomoGD10BfkpYDDGtGS0FzIaKYS1xyxThYb9x6hPDmeLwuplmAtxMFmGuH8xRThsOhXcUZnZpNG2bIVx7ex4p+pZiWonyJtIeg7Is7GQSb17e+u4LuXMoYMaUeWlAUM', 'MIIBIjANBgkqhkiG9w0BAQEFAAOCAQ8AMIIBCgKCAQEAkJ8g80Yx7tXCQJjInRjVuZ75OuKuiBJpFQ4O8jiaMFFAhiaJmOZQUsnxXNWcbVdAGkJcY+bpT/kGukQb4J/j6vXkTaBtI887vY53nWiekSq89NDRkunJEY8q1kIxTt+m4/eQyT3Luf2omtjHXVWsq4Q2Fql3hRURgh5Jg07L2E7e4sQBK787UJw0Y+W60OWkVZIQDF0HINdOuPKd5MliPpesxN24/Wt844ctqo1mqfhIyRs0O5l9Vz/t2IuChW+CtnrLIhHXzPHscuGdw0eDBIjKOzSExnuPiJyf5s7fEogVr95/8wLlxl40NdKh7qBueLcGRIOGI2vHCgydvlTKiQIDAQAB', '', '', '', '0000-00-00 00:00:00', '');

-- ----------------------------
-- Table structure for amn_payment_account_loops
-- ----------------------------
DROP TABLE IF EXISTS `amn_payment_account_loops`;
CREATE TABLE `amn_payment_account_loops`  (
  `id` int(0) UNSIGNED NOT NULL AUTO_INCREMENT COMMENT '主键',
  `payment_account_id` int(0) UNSIGNED NULL DEFAULT 0 COMMENT '账号id',
  `datetime_ks` time(0) NULL DEFAULT NULL COMMENT '开始时间',
  `datetime_js` time(0) NULL DEFAULT NULL COMMENT '结束时间',
  `money_ks` decimal(15, 2) NULL DEFAULT 0.00 COMMENT '开始金额',
  `money_js` decimal(15, 2) NULL DEFAULT 99999999.00 COMMENT '结束金额',
  `province` varchar(255) CHARACTER SET utf8 COLLATE utf8_general_ci NULL DEFAULT NULL COMMENT '省',
  `city` varchar(255) CHARACTER SET utf8 COLLATE utf8_general_ci NULL DEFAULT NULL COMMENT '市',
  `area` varchar(255) CHARACTER SET utf8 COLLATE utf8_general_ci NULL DEFAULT NULL COMMENT '区',
  `status` int(0) NULL DEFAULT 0 COMMENT '状态 1:按条件轮循 0:随机轮循',
  PRIMARY KEY (`id`) USING BTREE,
  UNIQUE INDEX `payapiaccountid`(`payment_account_id`) USING BTREE
) ENGINE = InnoDB AUTO_INCREMENT = 47 CHARACTER SET = utf8 COLLATE = utf8_general_ci COMMENT = '账号轮循表' ROW_FORMAT = Compact;

-- ----------------------------
-- Records of amn_payment_account_loops
-- ----------------------------
INSERT INTO `amn_payment_account_loops` VALUES (37, 31, '00:00:00', '23:59:59', 0.00, 99999999.00, NULL, NULL, NULL, 0);
INSERT INTO `amn_payment_account_loops` VALUES (38, 32, '00:00:00', '23:59:59', 0.00, 99999999.00, NULL, NULL, NULL, 0);
INSERT INTO `amn_payment_account_loops` VALUES (39, 35, '00:00:00', '23:59:59', 0.00, 99999999.00, NULL, NULL, NULL, 0);
INSERT INTO `amn_payment_account_loops` VALUES (40, 36, '00:00:00', '23:59:59', 0.00, 99999999.00, NULL, NULL, NULL, 0);
INSERT INTO `amn_payment_account_loops` VALUES (41, 43, '00:00:00', '23:59:59', 0.00, 99999999.00, NULL, NULL, NULL, 0);
INSERT INTO `amn_payment_account_loops` VALUES (42, 47, '00:00:00', '23:59:59', 0.00, 99.20, '云南', '思茅市', NULL, 1);
INSERT INTO `amn_payment_account_loops` VALUES (43, 48, '00:00:00', '23:59:59', 0.00, 99999999.00, NULL, NULL, NULL, 0);
INSERT INTO `amn_payment_account_loops` VALUES (44, 50, '00:00:00', '23:59:59', 0.00, 99999999.00, NULL, NULL, NULL, 0);
INSERT INTO `amn_payment_account_loops` VALUES (45, 51, '00:00:00', '23:59:59', 0.00, 99999999.00, NULL, NULL, NULL, 0);
INSERT INTO `amn_payment_account_loops` VALUES (46, 52, '00:00:00', '23:59:59', 0.00, 99999999.00, NULL, NULL, NULL, 0);

-- ----------------------------
-- Table structure for amn_payment_channel
-- ----------------------------
DROP TABLE IF EXISTS `amn_payment_channel`;
CREATE TABLE `amn_payment_channel`  (
  `id` int(0) UNSIGNED NOT NULL AUTO_INCREMENT,
  `payment_channel_merchant_id` int(0) UNSIGNED NULL DEFAULT NULL COMMENT '通道商家ID',
  `payment_name` varchar(255) CHARACTER SET utf8mb4 COLLATE utf8mb4_unicode_ci NULL DEFAULT NULL COMMENT '支付通道名称',
  `payment_codeing` varchar(255) CHARACTER SET utf8mb4 COLLATE utf8mb4_unicode_ci NULL DEFAULT NULL COMMENT '支付通道编码',
  `payment_status` tinyint(0) UNSIGNED NULL DEFAULT 0 COMMENT '支付通道状态 0 禁用  1 正常',
  PRIMARY KEY (`id`) USING BTREE
) ENGINE = MyISAM AUTO_INCREMENT = 1 CHARACTER SET = utf8mb4 COLLATE = utf8mb4_unicode_ci ROW_FORMAT = Dynamic;

-- ----------------------------
-- Table structure for amn_payment_channel_account
-- ----------------------------
DROP TABLE IF EXISTS `amn_payment_channel_account`;
CREATE TABLE `amn_payment_channel_account`  (
  `id` int(0) UNSIGNED NOT NULL AUTO_INCREMENT COMMENT '主键',
  `payment_channel_id` int(0) NOT NULL DEFAULT 0 COMMENT '通道ID',
  `payment_account_id` int(0) NOT NULL DEFAULT 0 COMMENT '账号ID',
  `userid` int(0) NOT NULL DEFAULT 0 COMMENT '用户ID(当用户id为0时,表示某账号在某通道的限额;用户id有值时表示用户的限额)',
  `money` decimal(15, 2) NOT NULL DEFAULT 0.00 COMMENT '限额',
  PRIMARY KEY (`id`) USING BTREE
) ENGINE = MyISAM AUTO_INCREMENT = 293 CHARACTER SET = utf8 COLLATE = utf8_general_ci COMMENT = '用户开通的通道账号限额表' ROW_FORMAT = Fixed;

-- ----------------------------
-- Records of amn_payment_channel_account
-- ----------------------------
INSERT INTO `amn_payment_channel_account` VALUES (290, 15, 31, 0, 0.00);
INSERT INTO `amn_payment_channel_account` VALUES (291, 15, 31, 1, 0.00);
INSERT INTO `amn_payment_channel_account` VALUES (292, 15, 31, 29, 0.00);

-- ----------------------------
-- Table structure for amn_payment_channel_class
-- ----------------------------
DROP TABLE IF EXISTS `amn_payment_channel_class`;
CREATE TABLE `amn_payment_channel_class`  (
  `id` int(0) UNSIGNED NOT NULL AUTO_INCREMENT COMMENT '主键',
  `classname` varchar(255) CHARACTER SET utf8 COLLATE utf8_general_ci NOT NULL COMMENT '分类名称',
  `classbm` varchar(100) CHARACTER SET utf8 COLLATE utf8_general_ci NOT NULL COMMENT '分类编码',
  `sys` smallint(0) UNSIGNED NOT NULL DEFAULT 0 COMMENT '是否为系统 1:是(不能删除) 0:否(可删除)',
  `order_feilv` decimal(6, 4) UNSIGNED NOT NULL DEFAULT 0.0000 COMMENT '通道分类的交易费率',
  `order_min_feilv` decimal(15, 4) UNSIGNED NOT NULL DEFAULT 0.0000 COMMENT '通道分类的最小手续费',
  `status` tinyint(0) UNSIGNED NOT NULL DEFAULT 1 COMMENT '状态：1=启用；0=禁用',
  `pc` tinyint(0) UNSIGNED NOT NULL DEFAULT 1 COMMENT '是否pc端显示 0:不显示  1:显示',
  `wap` tinyint(0) UNSIGNED NOT NULL DEFAULT 1 COMMENT '手机端是否显示 0:不显示 1:显示',
  `img_url` varchar(255) CHARACTER SET utf8 COLLATE utf8_general_ci NULL DEFAULT NULL COMMENT '图片存储路径',
  `create_time` datetime(0) NULL DEFAULT NULL,
  `update_time` datetime(0) NULL DEFAULT NULL,
  PRIMARY KEY (`id`) USING BTREE
) ENGINE = MyISAM AUTO_INCREMENT = 34 CHARACTER SET = utf8 COLLATE = utf8_general_ci COMMENT = '通道分类表' ROW_FORMAT = Dynamic;

-- ----------------------------
-- Records of amn_payment_channel_class
-- ----------------------------
INSERT INTO `amn_payment_channel_class` VALUES (1, '网银支付', 'WYZF', 1, 0.0011, 0.0200, 0, 1, 0, 'Public/Uploads/payapiclass/2019-04-12/201904121354057496.gif', NULL, '0000-00-00 00:00:00');
INSERT INTO `amn_payment_channel_class` VALUES (3, '银联扫码', 'YLSM', 0, 0.0020, 0.0100, 1, 1, 0, NULL, NULL, '0000-00-00 00:00:00');
INSERT INTO `amn_payment_channel_class` VALUES (4, '银联WAP', 'YLWAP', 0, 0.0010, 0.0010, 0, 1, 1, 'Public/Uploads/payapiclass/2019-04-12/201904121150541236.png', NULL, '0000-00-00 00:00:00');
INSERT INTO `amn_payment_channel_class` VALUES (14, '支付宝WAP', 'ZFBWAP', 0, 0.1000, 0.0000, 0, 1, 0, 'Public/Uploads/payapiclass/2019-04-12/201904121150366062.png', NULL, '0000-00-00 00:00:00');
INSERT INTO `amn_payment_channel_class` VALUES (16, '微信扫码', 'WXSM', 0, 0.0100, 0.0000, 0, 1, 1, 'Public/Uploads/payapiclass/2019-04-12/201904121150248435.png', NULL, '2020-05-04 08:17:48');
INSERT INTO `amn_payment_channel_class` VALUES (20, '微信WAP', 'WXWAP', 0, 0.0010, 0.0200, 1, 1, 1, 'Public/Uploads/payapiclass/2019-04-12/201904121150127743.png', NULL, '2020-05-04 08:17:48');
INSERT INTO `amn_payment_channel_class` VALUES (26, '支付宝扫码', 'ZFBSM', 0, 0.2500, 0.0000, 1, 1, 1, 'static/Uploads/payment-channle-class/alipaysm.jpg', NULL, '0000-00-00 00:00:00');
INSERT INTO `amn_payment_channel_class` VALUES (32, '测试分类', 'TEST', 0, 0.0200, 0.0100, 1, 1, 1, 'Public/Uploads/payapiclass/2019-04-18/201904181741213272.png', NULL, '2020-05-02 04:04:06');
INSERT INTO `amn_payment_channel_class` VALUES (33, '测试3', 'TEST002', 0, 0.0000, 0.0000, 0, 1, 1, 'Public/Uploads/payapiclass/2019-04-18/201904181807012959.png', NULL, '2020-05-23 05:19:07');

-- ----------------------------
-- Table structure for amn_payment_channel_merchant
-- ----------------------------
DROP TABLE IF EXISTS `amn_payment_channel_merchant`;
CREATE TABLE `amn_payment_channel_merchant`  (
  `id` int(0) UNSIGNED NOT NULL AUTO_INCREMENT,
  `merchant_name` varchar(100) CHARACTER SET utf8mb4 COLLATE utf8mb4_unicode_ci NULL DEFAULT NULL COMMENT '商家姓名',
  `merchant_status` tinyint(0) UNSIGNED NULL DEFAULT 0 COMMENT '商家状态 0禁用 1正常',
  `merchant_add_datetime` datetime(0) NULL DEFAULT CURRENT_TIMESTAMP COMMENT '添加时间',
  `merchant_edit_datetime` datetime(0) NULL DEFAULT NULL COMMENT '修改时间',
  PRIMARY KEY (`id`) USING BTREE
) ENGINE = MyISAM AUTO_INCREMENT = 8 CHARACTER SET = utf8mb4 COLLATE = utf8mb4_unicode_ci ROW_FORMAT = Dynamic;

-- ----------------------------
-- Records of amn_payment_channel_merchant
-- ----------------------------
INSERT INTO `amn_payment_channel_merchant` VALUES (1, '测试商家11', 0, '2020-04-03 02:29:24', '2020-05-23 07:26:13');
INSERT INTO `amn_payment_channel_merchant` VALUES (2, '测试商家2', 0, '2020-04-03 02:29:36', '2020-05-23 07:26:15');
INSERT INTO `amn_payment_channel_merchant` VALUES (3, '测试商家3', 0, '2020-04-03 02:29:50', '2020-05-23 07:26:16');
INSERT INTO `amn_payment_channel_merchant` VALUES (4, '通道商家', 0, '2020-05-03 06:16:56', '2020-05-23 07:26:16');
INSERT INTO `amn_payment_channel_merchant` VALUES (5, '通道商家1', 0, '2020-05-03 20:13:05', '2020-05-23 07:26:19');
INSERT INTO `amn_payment_channel_merchant` VALUES (6, '测试商家12', 0, '2020-05-04 04:23:33', '2020-05-23 07:26:19');
INSERT INTO `amn_payment_channel_merchant` VALUES (7, '通道123123', 0, '2020-05-04 08:23:01', '2020-05-06 18:21:08');

-- ----------------------------
-- Table structure for amn_payment_channel_merchant_class
-- ----------------------------
DROP TABLE IF EXISTS `amn_payment_channel_merchant_class`;
CREATE TABLE `amn_payment_channel_merchant_class`  (
  `id` int(0) UNSIGNED NOT NULL AUTO_INCREMENT,
  `merchant_id` int(0) NULL DEFAULT NULL COMMENT '商家ID',
  `class_id` int(0) NULL DEFAULT NULL COMMENT '通道分类ID',
  `status` tinyint(0) UNSIGNED NULL DEFAULT 0 COMMENT '状态',
  PRIMARY KEY (`id`) USING BTREE
) ENGINE = MyISAM AUTO_INCREMENT = 91 CHARACTER SET = utf8mb4 COLLATE = utf8mb4_unicode_ci ROW_FORMAT = Fixed;

-- ----------------------------
-- Records of amn_payment_channel_merchant_class
-- ----------------------------
INSERT INTO `amn_payment_channel_merchant_class` VALUES (54, 3, 33, 1);
INSERT INTO `amn_payment_channel_merchant_class` VALUES (53, 3, 32, 1);
INSERT INTO `amn_payment_channel_merchant_class` VALUES (52, 3, 26, 1);
INSERT INTO `amn_payment_channel_merchant_class` VALUES (51, 3, 20, 1);
INSERT INTO `amn_payment_channel_merchant_class` VALUES (50, 3, 16, 1);
INSERT INTO `amn_payment_channel_merchant_class` VALUES (49, 3, 14, 1);
INSERT INTO `amn_payment_channel_merchant_class` VALUES (48, 3, 4, 0);
INSERT INTO `amn_payment_channel_merchant_class` VALUES (47, 3, 3, 1);
INSERT INTO `amn_payment_channel_merchant_class` VALUES (46, 3, 1, 1);
INSERT INTO `amn_payment_channel_merchant_class` VALUES (45, 2, 33, 1);
INSERT INTO `amn_payment_channel_merchant_class` VALUES (44, 2, 32, 1);
INSERT INTO `amn_payment_channel_merchant_class` VALUES (43, 2, 26, 1);
INSERT INTO `amn_payment_channel_merchant_class` VALUES (42, 2, 20, 1);
INSERT INTO `amn_payment_channel_merchant_class` VALUES (41, 2, 16, 1);
INSERT INTO `amn_payment_channel_merchant_class` VALUES (40, 2, 14, 1);
INSERT INTO `amn_payment_channel_merchant_class` VALUES (39, 2, 4, 1);
INSERT INTO `amn_payment_channel_merchant_class` VALUES (38, 2, 3, 1);
INSERT INTO `amn_payment_channel_merchant_class` VALUES (37, 2, 1, 1);
INSERT INTO `amn_payment_channel_merchant_class` VALUES (36, 1, 33, 1);
INSERT INTO `amn_payment_channel_merchant_class` VALUES (35, 1, 32, 1);
INSERT INTO `amn_payment_channel_merchant_class` VALUES (34, 1, 26, 1);
INSERT INTO `amn_payment_channel_merchant_class` VALUES (33, 1, 20, 1);
INSERT INTO `amn_payment_channel_merchant_class` VALUES (32, 1, 16, 1);
INSERT INTO `amn_payment_channel_merchant_class` VALUES (31, 1, 14, 1);
INSERT INTO `amn_payment_channel_merchant_class` VALUES (30, 1, 4, 1);
INSERT INTO `amn_payment_channel_merchant_class` VALUES (29, 1, 3, 0);
INSERT INTO `amn_payment_channel_merchant_class` VALUES (28, 1, 1, 0);
INSERT INTO `amn_payment_channel_merchant_class` VALUES (55, 4, 1, 1);
INSERT INTO `amn_payment_channel_merchant_class` VALUES (56, 4, 3, 0);
INSERT INTO `amn_payment_channel_merchant_class` VALUES (57, 4, 4, 0);
INSERT INTO `amn_payment_channel_merchant_class` VALUES (58, 4, 14, 1);
INSERT INTO `amn_payment_channel_merchant_class` VALUES (59, 4, 16, 0);
INSERT INTO `amn_payment_channel_merchant_class` VALUES (60, 4, 20, 1);
INSERT INTO `amn_payment_channel_merchant_class` VALUES (61, 4, 26, 1);
INSERT INTO `amn_payment_channel_merchant_class` VALUES (62, 4, 32, 1);
INSERT INTO `amn_payment_channel_merchant_class` VALUES (63, 4, 33, 1);
INSERT INTO `amn_payment_channel_merchant_class` VALUES (64, 5, 1, 0);
INSERT INTO `amn_payment_channel_merchant_class` VALUES (65, 5, 3, 0);
INSERT INTO `amn_payment_channel_merchant_class` VALUES (66, 5, 4, 0);
INSERT INTO `amn_payment_channel_merchant_class` VALUES (67, 5, 14, 0);
INSERT INTO `amn_payment_channel_merchant_class` VALUES (68, 5, 16, 1);
INSERT INTO `amn_payment_channel_merchant_class` VALUES (69, 5, 20, 1);
INSERT INTO `amn_payment_channel_merchant_class` VALUES (70, 5, 26, 1);
INSERT INTO `amn_payment_channel_merchant_class` VALUES (71, 5, 32, 1);
INSERT INTO `amn_payment_channel_merchant_class` VALUES (72, 5, 33, 1);
INSERT INTO `amn_payment_channel_merchant_class` VALUES (73, 6, 1, 1);
INSERT INTO `amn_payment_channel_merchant_class` VALUES (74, 6, 3, 0);
INSERT INTO `amn_payment_channel_merchant_class` VALUES (75, 6, 4, 1);
INSERT INTO `amn_payment_channel_merchant_class` VALUES (76, 6, 14, 1);
INSERT INTO `amn_payment_channel_merchant_class` VALUES (77, 6, 16, 1);
INSERT INTO `amn_payment_channel_merchant_class` VALUES (78, 6, 20, 1);
INSERT INTO `amn_payment_channel_merchant_class` VALUES (79, 6, 26, 1);
INSERT INTO `amn_payment_channel_merchant_class` VALUES (80, 6, 32, 1);
INSERT INTO `amn_payment_channel_merchant_class` VALUES (81, 6, 33, 1);
INSERT INTO `amn_payment_channel_merchant_class` VALUES (82, 7, 1, 0);
INSERT INTO `amn_payment_channel_merchant_class` VALUES (83, 7, 3, 1);
INSERT INTO `amn_payment_channel_merchant_class` VALUES (84, 7, 4, 1);
INSERT INTO `amn_payment_channel_merchant_class` VALUES (85, 7, 14, 1);
INSERT INTO `amn_payment_channel_merchant_class` VALUES (86, 7, 16, 1);
INSERT INTO `amn_payment_channel_merchant_class` VALUES (87, 7, 20, 1);
INSERT INTO `amn_payment_channel_merchant_class` VALUES (88, 7, 26, 1);
INSERT INTO `amn_payment_channel_merchant_class` VALUES (89, 7, 32, 1);
INSERT INTO `amn_payment_channel_merchant_class` VALUES (90, 7, 33, 1);

-- ----------------------------
-- Table structure for amn_payment_log
-- ----------------------------
DROP TABLE IF EXISTS `amn_payment_log`;
CREATE TABLE `amn_payment_log`  (
  `id` int(0) UNSIGNED NOT NULL AUTO_INCREMENT,
  `create_time` datetime(0) NULL DEFAULT NULL COMMENT '日志生成时间',
  `update_time` datetime(0) NULL DEFAULT NULL,
  `log_content` text CHARACTER SET utf8mb4 COLLATE utf8mb4_unicode_ci NULL COMMENT '日志内容',
  `log_msg` varchar(500) CHARACTER SET utf8mb4 COLLATE utf8mb4_unicode_ci NULL DEFAULT NULL COMMENT '日志说明',
  `ip` varchar(50) CHARACTER SET utf8mb4 COLLATE utf8mb4_unicode_ci NULL DEFAULT NULL COMMENT 'IP地址',
  `user_id` int(0) UNSIGNED NULL DEFAULT 0 COMMENT '用户ID',
  PRIMARY KEY (`id`) USING BTREE,
  UNIQUE INDEX `ux_id`(`id`) USING BTREE,
  INDEX `ind_msg`(`log_msg`(250)) USING BTREE,
  INDEX `ind_ip`(`ip`) USING BTREE,
  INDEX `ind_user_id`(`user_id`) USING BTREE
) ENGINE = MyISAM AUTO_INCREMENT = 190 CHARACTER SET = utf8mb4 COLLATE = utf8mb4_unicode_ci ROW_FORMAT = Dynamic;

-- ----------------------------
-- Records of amn_payment_log
-- ----------------------------
INSERT INTO `amn_payment_log` VALUES (1, '2020-02-03 02:42:00', '2020-02-03 02:42:00', '[]', '您的IP[127.0.0.1]已被禁用或不在可用IP范围内', '127.0.0.1', 0);
INSERT INTO `amn_payment_log` VALUES (2, '2020-02-03 11:09:39', '2020-02-03 11:09:39', '{\"username\":\"12312\",\"payapi\":\"dddddd\"}', '您的IP[127.0.0.1]已被禁用或不在可用IP范围内', '127.0.0.1', 0);
INSERT INTO `amn_payment_log` VALUES (3, '2020-02-03 14:10:05', '2020-02-03 14:10:05', '{\"status\":\"error\",\"post_parameter\":{\"username\":\"12312\",\"payapi\":\"dddddd\"},\"get_parameter\":[],\"msg\":\"您的IP[127.0.0.1]已被禁用或不在可用IP范围内\"}', '您的IP[127.0.0.1]已被禁用或不在可用IP范围内', '127.0.0.1', 0);
INSERT INTO `amn_payment_log` VALUES (4, '2020-02-03 14:39:21', '2020-02-03 14:39:21', '{\"status\":\"error\",\"post_parameter\":{\"username\":\"12312\",\"payapi\":\"dddddd\"},\"get_parameter\":[],\"msg\":\"您的IP[127.0.0.1]已被禁用或不在可用IP范围内\"}', '您的IP[127.0.0.1]已被禁用或不在可用IP范围内', '127.0.0.1', 0);
INSERT INTO `amn_payment_log` VALUES (5, '2020-02-04 22:01:56', '2020-02-04 22:01:56', '{\"status\":\"error\",\"post_parameter\":{\"username\":\"12312\",\"payapi\":\"dddddd\"},\"get_parameter\":[],\"msg\":\"您的IP[127.0.0.1]已被禁用或不在可用IP范围内\"}', '您的IP[127.0.0.1]已被禁用或不在可用IP范围内', '127.0.0.1', 0);
INSERT INTO `amn_payment_log` VALUES (6, '2020-02-04 22:03:40', '2020-02-04 22:03:40', '{\"status\":\"error\",\"post_parameter\":{\"username\":\"12312\",\"payapi\":\"dddddd\"},\"get_parameter\":[],\"msg\":\"您的IP[127.0.0.1]已被禁用或不在可用IP范围内\"}', '您的IP[127.0.0.1]已被禁用或不在可用IP范围内', '127.0.0.1', 0);
INSERT INTO `amn_payment_log` VALUES (7, '2020-02-04 22:54:09', '2020-02-04 22:54:09', '{\"status\":\"error\",\"post_parameter\":{\"username\":\"12312\",\"payapi\":\"dddddd\"},\"get_parameter\":[],\"msg\":\"您的IP[127.0.0.1]已被禁用或不在可用IP范围内\"}', '您的IP[127.0.0.1]已被禁用或不在可用IP范围内', '127.0.0.1', 0);
INSERT INTO `amn_payment_log` VALUES (8, '2020-02-04 22:58:38', '2020-02-04 22:58:38', '{\"status\":\"error\",\"post_parameter\":{\"username\":\"12312\",\"payapi\":\"dddddd\"},\"get_parameter\":[],\"msg\":\"您的IP[127.0.0.1]已被禁用或不在可用IP范围内\"}', '您的IP[127.0.0.1]已被禁用或不在可用IP范围内', '127.0.0.1', 0);
INSERT INTO `amn_payment_log` VALUES (9, '2020-02-04 23:10:09', '2020-02-04 23:10:09', '{\"status\":\"error\",\"post_parameter\":{\"username\":\"12312\",\"payapi\":\"dddddd\"},\"get_parameter\":[],\"msg\":\"您的IP[127.0.0.1]已被禁用或不在可用IP范围内\"}', '您的IP[127.0.0.1]已被禁用或不在可用IP范围内', '127.0.0.1', 0);
INSERT INTO `amn_payment_log` VALUES (10, '2020-02-04 23:12:51', '2020-02-04 23:12:51', '{\"status\":\"error\",\"post_parameter\":{\"username\":\"12312\",\"payapi\":\"dddddd\"},\"get_parameter\":[],\"msg\":\"您的IP[127.0.0.1]已被禁用或不在可用IP范围内\"}', '您的IP[127.0.0.1]已被禁用或不在可用IP范围内', '127.0.0.1', 0);
INSERT INTO `amn_payment_log` VALUES (11, '2020-02-04 23:13:23', '2020-02-04 23:13:23', '{\"status\":\"error\",\"post_parameter\":{\"username\":\"12312\",\"payapi\":\"dddddd\"},\"get_parameter\":[],\"msg\":\"您的IP[127.0.0.1]已被禁用或不在可用IP范围内\"}', '您的IP[127.0.0.1]已被禁用或不在可用IP范围内', '127.0.0.1', 0);
INSERT INTO `amn_payment_log` VALUES (12, '2020-02-04 23:14:26', '2020-02-04 23:14:26', '{\"status\":\"error\",\"post_parameter\":{\"username\":\"12312\",\"payapi\":\"dddddd\"},\"get_parameter\":[],\"msg\":\"您的IP[127.0.0.1]已被禁用或不在可用IP范围内\"}', '您的IP[127.0.0.1]已被禁用或不在可用IP范围内', '127.0.0.1', 0);
INSERT INTO `amn_payment_log` VALUES (13, '2020-02-04 23:14:49', '2020-02-04 23:14:49', '{\"status\":\"error\",\"post_parameter\":{\"username\":\"12312\",\"payapi\":\"dddddd\"},\"get_parameter\":[],\"msg\":\"必须是POST提交\"}', '必须是POST提交', '127.0.0.1', 0);
INSERT INTO `amn_payment_log` VALUES (14, '2020-02-04 23:48:34', '2020-02-04 23:48:34', '{\"status\":\"error\",\"post_parameter\":{\"username\":\"12312\",\"payapi\":\"dddddd\"},\"get_parameter\":[],\"msg\":\"参数 version 缺失\"}', '参数 version 缺失', '127.0.0.1', 0);
INSERT INTO `amn_payment_log` VALUES (15, '2020-02-04 23:50:40', '2020-02-04 23:50:40', '{\"status\":\"error\",\"post_parameter\":{\"username\":\"12312\",\"payapi\":\"dddddd\"},\"get_parameter\":[],\"msg\":\"参数 version 缺失\"}', '参数 version 缺失', '127.0.0.1', 0);
INSERT INTO `amn_payment_log` VALUES (16, '2020-02-05 01:32:34', '2020-02-05 01:32:34', '{\"status\":\"error\",\"post_parameter\":{\"username\":\"12312\",\"payapi\":\"dddddd\"},\"get_parameter\":[],\"msg\":\"参数 version 缺失\"}', '参数 version 缺失', '127.0.0.1', 0);
INSERT INTO `amn_payment_log` VALUES (17, '2020-02-05 01:45:04', '2020-02-05 01:45:04', '{\"status\":\"error\",\"post_parameter\":{\"username\":\"12312\",\"payapi\":\"dddddd\"},\"get_parameter\":[],\"msg\":\"参数 version 缺失\"}', '参数 version 缺失', '127.0.0.1', 0);
INSERT INTO `amn_payment_log` VALUES (18, '2020-02-05 01:46:21', '2020-02-05 01:46:21', '{\"status\":\"error\",\"post_parameter\":{\"username\":\"12312\",\"payapi\":\"dddddd\"},\"get_parameter\":[],\"msg\":\"参数 version 缺失\"}', '参数 version 缺失', '127.0.0.1', 0);
INSERT INTO `amn_payment_log` VALUES (19, '2020-02-05 02:54:43', '2020-02-05 02:54:43', '{\"msg\":\"您的IP[127.0.0.1]已被禁用或不在可用IP范围内\",\"status\":\"error\",\"post_parameter\":{\"username\":\"12312\",\"payapi\":\"dddddd\"},\"get_parameter\":[]}', '您的IP[127.0.0.1]已被禁用或不在可用IP范围内', '127.0.0.1', 0);
INSERT INTO `amn_payment_log` VALUES (20, '2020-02-05 03:05:59', '2020-02-05 03:05:59', '{\"msg\":\"参数 version 缺失\",\"status\":\"error\",\"pc_phone\":\"pc\",\"post_parameter\":{\"username\":\"12312\",\"payapi\":\"dddddd\"},\"get_parameter\":[]}', '参数 version 缺失', '127.0.0.1', 0);
INSERT INTO `amn_payment_log` VALUES (21, '2020-02-05 03:07:29', '2020-02-05 03:07:29', '{\"msg\":\"参数 version 缺失\",\"status\":\"error\",\"pc_phone\":\"pc\",\"post_parameter\":{\"username\":\"12312\",\"payapi\":\"dddddd\"},\"get_parameter\":[]}', '参数 version 缺失', '127.0.0.1', 0);
INSERT INTO `amn_payment_log` VALUES (22, '2020-02-05 03:07:57', '2020-02-05 03:07:57', '{\"msg\":\"参数 version 缺失\",\"status\":\"error\",\"pc_phone\":\"pc\",\"post_parameter\":{\"username\":\"12312\",\"payapi\":\"dddddd\"},\"get_parameter\":[]}', '参数 version 缺失', '127.0.0.1', 0);
INSERT INTO `amn_payment_log` VALUES (23, '2020-02-05 11:07:14', '2020-02-05 11:07:14', '{\"msg\":\"参数 version 缺失\",\"status\":\"error\",\"pc_phone\":\"pc\",\"wx_alipay_wap\":\"\",\"post_parameter\":{\"username\":\"12312\",\"payapi\":\"dddddd\"},\"get_parameter\":[]}', '参数 version 缺失', '127.0.0.1', 0);
INSERT INTO `amn_payment_log` VALUES (24, '2020-02-05 12:12:09', '2020-02-05 12:12:09', '{\"msg\":\"参数 version 缺失\",\"status\":\"error\",\"post_parameter\":{\"username\":\"12312\",\"payapi\":\"dddddd\"},\"get_parameter\":{\"\\/Payment\\/Pay\\/version\\/1_0_0\":\"\"}}', '参数 version 缺失', '127.0.0.1', 0);
INSERT INTO `amn_payment_log` VALUES (25, '2020-02-05 12:14:41', '2020-02-05 12:14:41', '{\"msg\":\"您的IP[127.0.0.1]已被禁用或不在可用IP范围内\",\"status\":\"error\",\"version_name\":\"Defaultversion\",\"pc_phone\":\"pc\",\"wx_alipay_wap\":\"\",\"post_parameter\":{\"username\":\"12312\",\"payapi\":\"dddddd\"},\"get_parameter\":{\"version\":\"1.0.0\"},\"version\":\"1.0.0\"}', '您的IP[127.0.0.1]已被禁用或不在可用IP范围内', '127.0.0.1', 0);
INSERT INTO `amn_payment_log` VALUES (26, '2020-02-05 12:49:28', '2020-02-05 12:49:28', '{\"msg\":\"您的IP[127.0.0.1]已被禁用或不在可用IP范围内\",\"status\":\"error\",\"version_name\":\"Defaultversion\",\"pc_phone\":\"pc\",\"wx_alipay_wap\":\"\",\"post_parameter\":{\"username\":\"12312\",\"payapi\":\"dddddd\"},\"get_parameter\":{\"version\":\"1.0.0\"},\"version\":\"1.0.0\"}', '您的IP[127.0.0.1]已被禁用或不在可用IP范围内', '127.0.0.1', 0);
INSERT INTO `amn_payment_log` VALUES (27, '2020-02-05 12:53:05', '2020-02-05 12:53:05', '{\"msg\":\"您的IP[127.0.0.1]已被禁用或不在可用IP范围内\",\"status\":\"error\",\"version_name\":\"Defaultversion\",\"pc_phone\":\"pc\",\"wx_alipay_wap\":\"\",\"post_parameter\":{\"username\":\"12312\",\"payapi\":\"dddddd\"},\"get_parameter\":{\"version\":\"1.0.0\"},\"version\":\"1.0.0\"}', '您的IP[127.0.0.1]已被禁用或不在可用IP范围内', '127.0.0.1', 0);
INSERT INTO `amn_payment_log` VALUES (28, '2020-02-05 12:53:57', '2020-02-05 12:53:57', '{\"msg\":\"您的IP[127.0.0.1]已被禁用或不在可用IP范围内\",\"status\":\"error\",\"version_name\":\"Defaultversion\",\"pc_phone\":\"pc\",\"wx_alipay_wap\":\"\",\"post_parameter\":{\"username\":\"12312\",\"payapi\":\"dddddd\"},\"get_parameter\":{\"version\":\"1.0.0\"},\"version\":\"1.0.0\"}', '您的IP[127.0.0.1]已被禁用或不在可用IP范围内', '127.0.0.1', 0);
INSERT INTO `amn_payment_log` VALUES (29, '2020-02-05 13:05:49', '2020-02-05 13:05:49', '{\"msg\":\"参数 version 缺失\",\"status\":\"error\",\"post_parameter\":{\"username\":\"12312\",\"payapi\":\"dddddd\"},\"get_parameter\":[]}', '参数 version 缺失', '127.0.0.1', 0);
INSERT INTO `amn_payment_log` VALUES (30, '2020-02-05 13:07:45', '2020-02-05 13:07:45', '{\"msg\":\"参数 version 缺失\",\"status\":\"error\",\"post_parameter\":{\"username\":\"12312\",\"payapi\":\"dddddd\"},\"get_parameter\":[]}', '参数 version 缺失', '127.0.0.1', 0);
INSERT INTO `amn_payment_log` VALUES (31, '2020-02-05 13:08:24', '2020-02-05 13:08:24', '{\"msg\":\"参数 version 缺失\",\"status\":\"error\",\"post_parameter\":{\"username\":\"12312\",\"payapi\":\"dddddd\"},\"get_parameter\":[]}', '参数 version 缺失', '127.0.0.1', 0);
INSERT INTO `amn_payment_log` VALUES (32, '2020-02-05 13:49:24', '2020-02-05 13:49:24', '{\"msg\":\"参数 version 缺失\",\"status\":\"error\",\"post_parameter\":{\"username\":\"12312\",\"payapi\":\"dddddd\"},\"get_parameter\":{\"v\":\"1.0.0\"}}', '参数 version 缺失', '127.0.0.1', 0);
INSERT INTO `amn_payment_log` VALUES (33, '2020-02-05 13:52:35', '2020-02-05 13:52:35', '{\"msg\":\"参数 version 缺失\",\"status\":\"error\",\"post_parameter\":{\"username\":\"12312\",\"payapi\":\"dddddd\"},\"get_parameter\":{\"\\/Payment\\/Pay_do\":\"\"}}', '参数 version 缺失', '127.0.0.1', 0);
INSERT INTO `amn_payment_log` VALUES (34, '2020-02-05 13:54:09', '2020-02-05 13:54:09', '{\"msg\":\"参数 version 缺失\",\"status\":\"error\",\"post_parameter\":{\"username\":\"12312\",\"payapi\":\"dddddd\"},\"get_parameter\":{\"\\/Payment\\/Pay_do\":\"\"}}', '参数 version 缺失', '127.0.0.1', 0);
INSERT INTO `amn_payment_log` VALUES (35, '2020-02-05 13:54:12', '2020-02-05 13:54:12', '{\"msg\":\"参数 version 缺失\",\"status\":\"error\",\"post_parameter\":{\"username\":\"12312\",\"payapi\":\"dddddd\"},\"get_parameter\":{\"\\/Payment\\/Pay_do\":\"\"}}', '参数 version 缺失', '127.0.0.1', 0);
INSERT INTO `amn_payment_log` VALUES (36, '2020-02-05 13:54:17', '2020-02-05 13:54:17', '{\"msg\":\"参数 version 缺失\",\"status\":\"error\",\"post_parameter\":{\"username\":\"12312\",\"payapi\":\"dddddd\"},\"get_parameter\":{\"\\/Payment\\/Pay_do\":\"\"}}', '参数 version 缺失', '127.0.0.1', 0);
INSERT INTO `amn_payment_log` VALUES (37, '2020-02-05 13:54:31', '2020-02-05 13:54:31', '{\"msg\":\"您的IP[127.0.0.1]已被禁用或不在可用IP范围内\",\"status\":\"error\",\"version_name\":\"Defaultversion\",\"pc_phone\":\"pc\",\"wx_alipay_wap\":\"\",\"post_parameter\":{\"username\":\"12312\",\"payapi\":\"dddddd\"},\"get_parameter\":{\"\\/Payment\\/Pay_do\":\"\",\"version\":\"1.0.0\"},\"version\":\"1.0.0\"}', '您的IP[127.0.0.1]已被禁用或不在可用IP范围内', '127.0.0.1', 0);
INSERT INTO `amn_payment_log` VALUES (38, '2020-02-05 13:55:16', '2020-02-05 13:55:16', '{\"msg\":\"参数 version 缺失\",\"status\":\"error\",\"post_parameter\":{\"username\":\"12312\",\"payapi\":\"dddddd\"},\"get_parameter\":{\"\\/Payment\\/Pay\\/version\\/1_0_0_do\":\"\"}}', '参数 version 缺失', '127.0.0.1', 0);
INSERT INTO `amn_payment_log` VALUES (39, '2020-02-05 13:57:55', '2020-02-05 13:57:55', '{\"msg\":\"参数 version 缺失\",\"status\":\"error\",\"post_parameter\":{\"username\":\"12312\",\"payapi\":\"dddddd\"},\"get_parameter\":{\"\\/Payment\\/Pay\\/version\\/1_0_0_do\":\"\"}}', '参数 version 缺失', '127.0.0.1', 0);
INSERT INTO `amn_payment_log` VALUES (40, '2020-02-05 13:58:57', '2020-02-05 13:58:57', '{\"msg\":\"参数 version 缺失\",\"status\":\"error\",\"post_parameter\":{\"username\":\"12312\",\"payapi\":\"dddddd\"},\"get_parameter\":{\"\\/Payment\\/Pay\\/version\\/1_0_0\":\"\"}}', '参数 version 缺失', '127.0.0.1', 0);
INSERT INTO `amn_payment_log` VALUES (41, '2020-02-05 14:00:25', '2020-02-05 14:00:25', '{\"msg\":\"参数 version 缺失\",\"status\":\"error\",\"post_parameter\":{\"username\":\"12312\",\"payapi\":\"dddddd\"},\"get_parameter\":{\"\\/Payment\\/Pay\\/version\\/1_0_0_do\":\"\"}}', '参数 version 缺失', '127.0.0.1', 0);
INSERT INTO `amn_payment_log` VALUES (42, '2020-02-05 14:00:46', '2020-02-05 14:00:46', '{\"msg\":\"参数 version 缺失\",\"status\":\"error\",\"post_parameter\":{\"username\":\"12312\",\"payapi\":\"dddddd\"},\"get_parameter\":{\"\\/Payment\\/Pay\\/version\\/1_0_0_do\":\"\"}}', '参数 version 缺失', '127.0.0.1', 0);
INSERT INTO `amn_payment_log` VALUES (43, '2020-02-05 14:01:37', '2020-02-05 14:01:37', '{\"msg\":\"参数 version 缺失\",\"status\":\"error\",\"post_parameter\":{\"username\":\"12312\",\"payapi\":\"dddddd\"},\"get_parameter\":{\"\\/Payment\\/Pay\\/version\\/1_0_0_do\":\"\"}}', '参数 version 缺失', '127.0.0.1', 0);
INSERT INTO `amn_payment_log` VALUES (44, '2020-02-05 14:03:24', '2020-02-05 14:03:24', '{\"msg\":\"您的IP[127.0.0.1]已被禁用或不在可用IP范围内\",\"status\":\"error\",\"version_name\":\"Defaultversion\",\"pc_phone\":\"pc\",\"wx_alipay_wap\":\"\",\"post_parameter\":{\"username\":\"12312\",\"payapi\":\"dddddd\"},\"get_parameter\":{\"\\/Payment\\/Pay_do\":\"\",\"version\":\"1.0.0\"},\"version\":\"1.0.0\"}', '您的IP[127.0.0.1]已被禁用或不在可用IP范围内', '127.0.0.1', 0);
INSERT INTO `amn_payment_log` VALUES (45, '2020-02-05 14:04:21', '2020-02-05 14:04:21', '{\"msg\":\"参数 version 缺失\",\"status\":\"error\",\"post_parameter\":{\"username\":\"12312\",\"payapi\":\"dddddd\"},\"get_parameter\":{\"\\/Payment\\/Pay\\/version\\/1_0_0_do\":\"\"}}', '参数 version 缺失', '127.0.0.1', 0);
INSERT INTO `amn_payment_log` VALUES (46, '2020-02-05 14:04:55', '2020-02-05 14:04:55', '{\"msg\":\"参数 version 缺失\",\"status\":\"error\",\"post_parameter\":{\"username\":\"12312\",\"payapi\":\"dddddd\"},\"get_parameter\":{\"\\/Payment\\/Pay\\/version\\/1_0_0_do\":\"\"}}', '参数 version 缺失', '127.0.0.1', 0);
INSERT INTO `amn_payment_log` VALUES (47, '2020-02-05 14:05:16', '2020-02-05 14:05:16', '{\"msg\":\"参数 version 缺失\",\"status\":\"error\",\"post_parameter\":{\"username\":\"12312\",\"payapi\":\"dddddd\"},\"get_parameter\":{\"\\/Payment\\/Pay\\/version\\/1_0_0_do\":\"\"}}', '参数 version 缺失', '127.0.0.1', 0);
INSERT INTO `amn_payment_log` VALUES (48, '2020-02-05 14:06:22', '2020-02-05 14:06:22', '{\"msg\":\"参数 version 缺失\",\"status\":\"error\",\"post_parameter\":{\"username\":\"12312\",\"payapi\":\"dddddd\"},\"get_parameter\":{\"\\/Payment\\/Pay\\/version\\/1_0_0_do\":\"\"}}', '参数 version 缺失', '127.0.0.1', 0);
INSERT INTO `amn_payment_log` VALUES (49, '2020-02-05 14:10:47', '2020-02-05 14:10:47', '{\"msg\":\"参数 version 缺失\",\"status\":\"error\",\"post_parameter\":{\"username\":\"12312\",\"payapi\":\"dddddd\"},\"get_parameter\":{\"\\/Payment\\/Pay\\/version\\/1_0_0_do\":\"\"}}', '参数 version 缺失', '127.0.0.1', 0);
INSERT INTO `amn_payment_log` VALUES (50, '2020-02-05 14:11:06', '2020-02-05 14:11:06', '{\"msg\":\"参数 version 缺失\",\"status\":\"error\",\"post_parameter\":{\"username\":\"12312\",\"payapi\":\"dddddd\"},\"get_parameter\":{\"\\/Payment\\/Pay_do\":\"\"}}', '参数 version 缺失', '127.0.0.1', 0);
INSERT INTO `amn_payment_log` VALUES (51, '2020-02-05 14:23:31', '2020-02-05 14:23:31', '{\"msg\":\"参数 version 缺失\",\"status\":\"error\",\"post_parameter\":{\"username\":\"12312\",\"payapi\":\"dddddd\"},\"get_parameter\":{\"\\/Payment\\/Pay_do\":\"\"}}', '参数 version 缺失', '127.0.0.1', 0);
INSERT INTO `amn_payment_log` VALUES (52, '2020-02-05 14:25:49', '2020-02-05 14:25:49', '{\"msg\":\"参数 version 缺失\",\"status\":\"error\",\"post_parameter\":{\"username\":\"12312\",\"payapi\":\"dddddd\"},\"get_parameter\":{\"\\/Payment\\/Pay_do\":\"\"}}', '参数 version 缺失', '127.0.0.1', 0);
INSERT INTO `amn_payment_log` VALUES (53, '2020-02-05 14:34:03', '2020-02-05 14:34:03', '{\"msg\":\"参数 version 缺失\",\"status\":\"error\",\"post_parameter\":{\"username\":\"12312\",\"payapi\":\"dddddd\"},\"get_parameter\":{\"\\/Payment\\/Pay_do\":\"\"}}', '参数 version 缺失', '127.0.0.1', 0);
INSERT INTO `amn_payment_log` VALUES (54, '2020-02-05 14:34:27', '2020-02-05 14:34:27', '{\"msg\":\"参数 version 缺失\",\"status\":\"error\",\"post_parameter\":{\"username\":\"12312\",\"payapi\":\"dddddd\"},\"get_parameter\":{\"\\/Payment\\/Pay_do\":\"\"}}', '参数 version 缺失', '127.0.0.1', 0);
INSERT INTO `amn_payment_log` VALUES (55, '2020-02-05 14:40:54', '2020-02-05 14:40:54', '{\"msg\":\"参数 version 缺失\",\"status\":\"error\",\"post_parameter\":{\"username\":\"12312\",\"payapi\":\"dddddd\"},\"get_parameter\":{\"\\/Payment\\/Pay_do\":\"\"}}', '参数 version 缺失', '127.0.0.1', 0);
INSERT INTO `amn_payment_log` VALUES (56, '2020-02-05 14:44:12', '2020-02-05 14:44:12', '{\"msg\":\"参数 version 缺失\",\"status\":\"error\",\"post_parameter\":{\"username\":\"12312\",\"payapi\":\"dddddd\"},\"get_parameter\":{\"\\/Payment\\/Pay_do\":\"\"}}', '参数 version 缺失', '127.0.0.1', 0);
INSERT INTO `amn_payment_log` VALUES (57, '2020-02-05 14:44:31', '2020-02-05 14:44:31', '{\"msg\":\"参数 version 缺失\",\"status\":\"error\",\"post_parameter\":{\"username\":\"12312\",\"payapi\":\"dddddd\"},\"get_parameter\":{\"\\/Payment\\/Pay_do\":\"\"}}', '参数 version 缺失', '127.0.0.1', 0);
INSERT INTO `amn_payment_log` VALUES (58, '2020-02-05 14:49:54', '2020-02-05 14:49:54', '{\"msg\":\"参数 version 缺失\",\"status\":\"error\",\"post_parameter\":{\"username\":\"12312\",\"payapi\":\"dddddd\"},\"get_parameter\":{\"\\/Payment\\/Pay_do\":\"\"}}', '参数 version 缺失', '127.0.0.1', 0);
INSERT INTO `amn_payment_log` VALUES (59, '2020-02-05 14:58:03', '2020-02-05 14:58:03', '{\"msg\":\"您的IP[127.0.0.1]已被禁用或不在可用IP范围内\",\"status\":\"success\",\"version_name\":\"Defaultversion\",\"pc_phone\":\"pc\",\"wx_alipay_wap\":\"\",\"parameter\":{\"\\/Payment\\/Pay_do\":\"\",\"username\":\"12312\",\"payapi\":\"dddddd\",\"version_numberstr\":\"1.0.0\"}}', '您的IP[127.0.0.1]已被禁用或不在可用IP范围内', '127.0.0.1', 0);
INSERT INTO `amn_payment_log` VALUES (60, '2020-02-05 15:18:02', '2020-02-05 15:18:02', '{\"msg\":\"您的IP[127.0.0.1]已被禁用或不在可用IP范围内\",\"status\":\"success\",\"version_name\":\"Defaultversion\",\"pc_phone\":\"pc\",\"wx_alipay_wap\":\"\",\"parameter\":{\"\\/Payment\\/Pay_do\":\"\",\"username\":\"12312\",\"payapi\":\"dddddd\",\"version_numberstr\":\"1.0.0\"}}', '您的IP[127.0.0.1]已被禁用或不在可用IP范围内', '127.0.0.1', 0);
INSERT INTO `amn_payment_log` VALUES (61, '2020-02-05 15:19:16', '2020-02-05 15:19:16', '{\"msg\":\"您的IP[127.0.0.1]已被禁用或不在可用IP范围内\",\"status\":\"success\",\"version_name\":\"Defaultversion\",\"pc_phone\":\"pc\",\"wx_alipay_wap\":\"\",\"parameter\":{\"\\/Payment\\/Pay_do\":\"\",\"username\":\"12312\",\"payapi\":\"dddddd\",\"version_numberstr\":\"1.0.0\"}}', '您的IP[127.0.0.1]已被禁用或不在可用IP范围内', '127.0.0.1', 0);
INSERT INTO `amn_payment_log` VALUES (62, '2020-02-05 15:42:53', '2020-02-05 15:42:53', '{\"msg\":\"参数 version_numberstr 错误\",\"status\":\"error\",\"parameter\":{\"\\/Payment\\/Pay_do\":\"\",\"username\":\"12312\",\"payapi\":\"dddddd\",\"version_numberstr\":\"1.0.0\"}}', '参数 version_numberstr 错误', '127.0.0.1', 0);
INSERT INTO `amn_payment_log` VALUES (63, '2020-02-05 15:44:24', '2020-02-05 15:44:24', '{\"msg\":\"version 1.0.0 已被禁用\",\"status\":\"error\",\"parameter\":{\"\\/Payment\\/Pay_do\":\"\",\"username\":\"12312\",\"payapi\":\"dddddd\",\"version_numberstr\":\"1.0.0\"}}', 'version 1.0.0 已被禁用', '127.0.0.1', 0);
INSERT INTO `amn_payment_log` VALUES (64, '2020-02-05 22:51:12', '2020-02-05 22:51:12', '{\"msg\":\"version 1.0.0 已被禁用\",\"status\":\"error\",\"parameter\":{\"\\/Payment\\/Pay_do\":\"\",\"username\":\"12312\",\"payapi\":\"dddddd\",\"version_numberstr\":\"1.0.0\"}}', 'version 1.0.0 已被禁用', '127.0.0.1', 0);
INSERT INTO `amn_payment_log` VALUES (65, '2020-02-05 23:32:01', '2020-02-05 23:32:01', '{\"msg\":\"您的IP[127.0.0.1]已被禁用或不在可用IP范围内\",\"version_name\":\"DefaultVersion\",\"pc_phone\":\"pc\",\"wx_alipay_wap\":\"\",\"status\":\"error\",\"parameter\":{\"\\/Payment\\/Pay_do\":\"\",\"username\":\"12312\",\"payapi\":\"dddddd\",\"version_numberstr\":\"1.0.0\"}}', '您的IP[127.0.0.1]已被禁用或不在可用IP范围内', '127.0.0.1', 0);
INSERT INTO `amn_payment_log` VALUES (66, '2020-02-05 23:32:47', '2020-02-05 23:32:47', '{\"msg\":\"您的IP[127.0.0.1]已被禁用或不在可用IP范围内\",\"version_name\":\"DefaultVersion\",\"pc_phone\":\"pc\",\"wx_alipay_wap\":\"\",\"status\":\"error\",\"parameter\":{\"\\/Payment\\/Pay_do\":\"\",\"username\":\"12312\",\"payapi\":\"dddddd\",\"version_numberstr\":\"1.0.0\"}}', '您的IP[127.0.0.1]已被禁用或不在可用IP范围内', '127.0.0.1', 0);
INSERT INTO `amn_payment_log` VALUES (67, '2020-02-05 23:35:17', '2020-02-05 23:35:17', '{\"msg\":\"您的IP[127.0.0.1]已被禁用或不在可用IP范围内\",\"version_name\":\"DefaultVersion\",\"pc_phone\":\"pc\",\"wx_alipay_wap\":\"\",\"status\":\"error\",\"parameter\":{\"\\/Payment\\/Pay_do\":\"\",\"username\":\"12312\",\"payapi\":\"dddddd\",\"version_numberstr\":\"1.0.0\"}}', '您的IP[127.0.0.1]已被禁用或不在可用IP范围内', '127.0.0.1', 0);
INSERT INTO `amn_payment_log` VALUES (68, '2020-02-05 23:35:56', '2020-02-05 23:35:56', '{\"msg\":\"\",\"version_name\":\"DefaultVersion\",\"pc_phone\":\"pc\",\"wx_alipay_wap\":\"\",\"status\":\"error\",\"parameter\":{\"\\/Payment\\/Pay_do\":\"\",\"username\":\"12312\",\"payapi\":\"dddddd\",\"version_numberstr\":\"1.0.0\"}}', '', '127.0.0.1', 0);
INSERT INTO `amn_payment_log` VALUES (69, '2020-02-05 23:36:24', '2020-02-05 23:36:24', '{\"msg\":\"系统错误，version_name 缺失\",\"version_name\":\"DefaultVersion\",\"pc_phone\":\"pc\",\"wx_alipay_wap\":\"\",\"status\":\"error\",\"parameter\":{\"\\/Payment\\/Pay_do\":\"\",\"username\":\"12312\",\"payapi\":\"dddddd\",\"version_numberstr\":\"1.0.0\"}}', '系统错误，version_name 缺失', '127.0.0.1', 0);
INSERT INTO `amn_payment_log` VALUES (70, '2020-02-05 23:46:37', '2020-02-05 23:46:37', '{\"msg\":\"\",\"version_name\":\"DefaultVersion\",\"pc_phone\":\"pc\",\"wx_alipay_wap\":\"\",\"status\":\"error\",\"parameter\":{\"\\/Payment\\/Pay_do\":\"\",\"username\":\"12312\",\"payapi\":\"dddddd\",\"version_numberstr\":\"1.0.0\"}}', '', '127.0.0.1', 0);
INSERT INTO `amn_payment_log` VALUES (71, '2020-02-05 23:46:39', '2020-02-05 23:46:39', '{\"msg\":\"\",\"version_name\":\"DefaultVersion\",\"pc_phone\":\"pc\",\"wx_alipay_wap\":\"\",\"status\":\"error\",\"parameter\":{\"\\/Payment\\/Pay_do\":\"\",\"username\":\"12312\",\"payapi\":\"dddddd\",\"version_numberstr\":\"1.0.0\"}}', '', '127.0.0.1', 0);
INSERT INTO `amn_payment_log` VALUES (72, '2020-02-05 23:48:05', '2020-02-05 23:48:05', '{\"msg\":\"缺少参数：orderid\",\"version_name\":\"DefaultVersion\",\"pc_phone\":\"pc\",\"wx_alipay_wap\":\"\",\"status\":\"error\",\"parameter\":{\"\\/Payment\\/Pay_do\":\"\",\"username\":\"12312\",\"payapi\":\"dddddd\",\"version_numberstr\":\"1.0.0\"}}', '缺少参数：orderid', '127.0.0.1', 0);
INSERT INTO `amn_payment_log` VALUES (73, '2020-02-06 00:47:35', '2020-02-06 00:47:35', '{\"msg\":\"缺少参数：orderid\",\"version_name\":\"DefaultVersion\",\"pc_phone\":\"pc\",\"wx_alipay_wap\":\"\",\"status\":\"error\",\"parameter\":{\"\\/Payment\\/Pay_do\":\"\",\"username\":\"12312\",\"payapi\":\"dddddd\",\"version_numberstr\":\"1.0.0\"}}', '缺少参数：orderid', '127.0.0.1', 0);
INSERT INTO `amn_payment_log` VALUES (74, '2020-02-06 02:09:12', '2020-02-06 02:09:12', '{\"msg\":\"缺少参数：orderid\",\"version_name\":\"DefaultVersion\",\"pc_phone\":\"pc\",\"wx_alipay_wap\":\"\",\"status\":\"error\",\"parameter\":{\"\\/Payment\\/Pay_do\":\"\",\"username\":\"12312\",\"payapi\":\"dddddd\",\"version_numberstr\":\"1.0.0\"}}', '缺少参数：orderid', '127.0.0.1', 0);
INSERT INTO `amn_payment_log` VALUES (75, '2020-02-06 02:11:39', '2020-02-06 02:11:39', '{\"msg\":\"缺少参数：orderid\",\"version_name\":\"DefaultVersion\",\"pc_phone\":\"pc\",\"wx_alipay_wap\":\"\",\"status\":\"error\",\"parameter\":{\"\\/Payment\\/Pay_do\":\"\",\"orderid\":\"123123123123123123\",\"amount\":\"122\",\"memberid\":\"10001\",\"orderdatetime\":\"2020-02-02 12:12:12\",\"paytype\":\"ZFB\",\"signmethod\":\"md5\",\"notifyurl\":\"dsggsadsagas\",\"version_numberstr\":\"1.0.0\"}}', '缺少参数：orderid', '127.0.0.1', 0);
INSERT INTO `amn_payment_log` VALUES (76, '2020-02-06 02:11:44', '2020-02-06 02:11:44', '{\"msg\":\"缺少参数：orderid\",\"version_name\":\"DefaultVersion\",\"pc_phone\":\"pc\",\"wx_alipay_wap\":\"\",\"status\":\"error\",\"parameter\":{\"\\/Payment\\/Pay_do\":\"\",\"orderid\":\"123123123123123123\",\"amount\":\"122\",\"memberid\":\"10001\",\"orderdatetime\":\"2020-02-02 12:12:12\",\"paytype\":\"ZFB\",\"signmethod\":\"md5\",\"notifyurl\":\"dsggsadsagas\",\"version_numberstr\":\"1.0.0\"}}', '缺少参数：orderid', '127.0.0.1', 0);
INSERT INTO `amn_payment_log` VALUES (77, '2020-02-06 02:12:58', '2020-02-06 02:12:58', '{\"msg\":\"缺少参数：orderid\",\"version_name\":\"DefaultVersion\",\"pc_phone\":\"pc\",\"wx_alipay_wap\":\"\",\"status\":\"error\",\"parameter\":{\"\\/Payment\\/Pay_do\":\"\",\"orderid\":\"123123123123123123\",\"amount\":\"122\",\"memberid\":\"10001\",\"orderdatetime\":\"2020-02-02 12:12:12\",\"paytype\":\"ZFB\",\"signmethod\":\"md5\",\"notifyurl\":\"dsggsadsagas\",\"version_numberstr\":\"1.0.0\"}}', '缺少参数：orderid', '127.0.0.1', 0);
INSERT INTO `amn_payment_log` VALUES (78, '2020-02-06 02:13:36', '2020-02-06 02:13:36', '{\"msg\":\"缺少参数：orderid\",\"version_name\":\"DefaultVersion\",\"pc_phone\":\"pc\",\"wx_alipay_wap\":\"\",\"status\":\"error\",\"parameter\":{\"\\/Payment\\/Pay_do\":\"\",\"orderid\":\"123123123123123123\",\"amount\":\"122\",\"memberid\":\"10001\",\"orderdatetime\":\"2020-02-02 12:12:12\",\"paytype\":\"ZFB\",\"signmethod\":\"md5\",\"notifyurl\":\"dsggsadsagas\",\"version_numberstr\":\"1.0.0\"}}', '缺少参数：orderid', '127.0.0.1', 0);
INSERT INTO `amn_payment_log` VALUES (79, '2020-02-06 02:16:33', '2020-02-06 02:16:33', '{\"msg\":\"缺少参数：callbackurl\",\"version_name\":\"DefaultVersion\",\"pc_phone\":\"pc\",\"wx_alipay_wap\":\"\",\"status\":\"error\",\"parameter\":{\"\\/Payment\\/Pay_do\":\"\",\"orderid\":\"123123123123123123\",\"amount\":\"122\",\"memberid\":\"10001\",\"orderdatetime\":\"2020-02-02 12:12:12\",\"paytype\":\"ZFB\",\"signmethod\":\"md5\",\"notifyurl\":\"dsggsadsagas\",\"version_numberstr\":\"1.0.0\"}}', '缺少参数：callbackurl', '127.0.0.1', 0);
INSERT INTO `amn_payment_log` VALUES (80, '2020-02-06 02:16:55', '2020-02-06 02:16:55', '{\"msg\":\"缺少参数：callbackurl\",\"version_name\":\"DefaultVersion\",\"pc_phone\":\"pc\",\"wx_alipay_wap\":\"\",\"status\":\"error\",\"parameter\":{\"\\/Payment\\/Pay_do\":\"\",\"orderid\":\"123123123123123123\",\"amount\":\"122\",\"memberid\":\"10001\",\"orderdatetime\":\"2020-02-02 12:12:12\",\"paytype\":\"ZFB\",\"signmethod\":\"md5\",\"notifyurl\":\"dsggsadsagas\",\"version_numberstr\":\"1.0.0\"}}', '缺少参数：callbackurl', '127.0.0.1', 0);
INSERT INTO `amn_payment_log` VALUES (81, '2020-02-06 02:17:07', '2020-02-06 02:17:07', '{\"msg\":\"参数：callbackurl 不能为空\",\"version_name\":\"DefaultVersion\",\"pc_phone\":\"pc\",\"wx_alipay_wap\":\"\",\"status\":\"error\",\"parameter\":{\"\\/Payment\\/Pay_do\":\"\",\"orderid\":\"123123123123123123\",\"amount\":\"122\",\"memberid\":\"10001\",\"orderdatetime\":\"2020-02-02 12:12:12\",\"paytype\":\"ZFB\",\"signmethod\":\"md5\",\"notifyurl\":\"dsggsadsagas\",\"callbackurl\":\"\",\"version_numberstr\":\"1.0.0\"}}', '参数：callbackurl 不能为空', '127.0.0.1', 0);
INSERT INTO `amn_payment_log` VALUES (82, '2020-02-06 02:17:12', '2020-02-06 02:17:12', '{\"msg\":\"缺少参数：sign\",\"version_name\":\"DefaultVersion\",\"pc_phone\":\"pc\",\"wx_alipay_wap\":\"\",\"status\":\"error\",\"parameter\":{\"\\/Payment\\/Pay_do\":\"\",\"orderid\":\"123123123123123123\",\"amount\":\"122\",\"memberid\":\"10001\",\"orderdatetime\":\"2020-02-02 12:12:12\",\"paytype\":\"ZFB\",\"signmethod\":\"md5\",\"notifyurl\":\"dsggsadsagas\",\"callbackurl\":\"sdgsadgsadg\",\"version_numberstr\":\"1.0.0\"}}', '缺少参数：sign', '127.0.0.1', 0);
INSERT INTO `amn_payment_log` VALUES (83, '2020-02-06 02:28:53', '2020-02-06 02:28:53', '{\"msg\":\"\",\"version_name\":\"DefaultVersion\",\"pc_phone\":\"pc\",\"wx_alipay_wap\":\"\",\"status\":\"error\",\"parameter\":{\"\\/Payment\\/Pay_do\":\"\",\"orderid\":\"123123123123123123\",\"amount\":\"122\",\"memberid\":\"10001\",\"orderdatetime\":\"2020-02-02 12:12:12\",\"paytype\":\"ZFB\",\"signmethod\":\"md5\",\"notifyurl\":\"dsggsadsagas\",\"callbackurl\":\"sdgsadgsadg\",\"sign\":\"sdgsdgssaassg\",\"version_numberstr\":\"1.0.0\"},\"version_parameter\":{\"orderid\":\"123123123123123123\",\"amount\":\"122\",\"memberid\":\"10001\",\"paytype\":\"ZFB\",\"orderdatetime\":\"2020-02-02 12:12:12\",\"signmethod\":\"md5\",\"notifyurl\":\"dsggsadsagas\",\"callbackurl\":\"sdgsadgsadg\",\"sign\":\"sdgsdgssaassg\"}}', '', '127.0.0.1', 0);
INSERT INTO `amn_payment_log` VALUES (84, '2020-02-06 02:32:45', '2020-02-06 02:32:45', '{\"msg\":\"\",\"version_name\":\"DefaultVersion\",\"pc_phone\":\"pc\",\"wx_alipay_wap\":\"\",\"status\":\"error\",\"parameter\":{\"\\/Payment\\/Pay_do\":\"\",\"orderid\":\"123123123123123123\",\"amount\":\"122\",\"memberid\":\"10001\",\"orderdatetime\":\"2020-02-02 12:12:12\",\"paytype\":\"ZFB\",\"signmethod\":\"md5\",\"notifyurl\":\"dsggsadsagas\",\"callbackurl\":\"sdgsadgsadg\",\"sign\":\"sdgsdgssaassg\",\"version_numberstr\":\"1.0.0\"},\"version_parameter\":{\"orderid\":\"123123123123123123\",\"amount\":\"122\",\"memberid\":\"10001\",\"paytype\":\"ZFB\",\"orderdatetime\":\"2020-02-02 12:12:12\",\"signmethod\":\"md5\",\"notifyurl\":\"dsggsadsagas\",\"callbackurl\":\"sdgsadgsadg\",\"sign\":\"sdgsdgssaassg\"}}', '', '127.0.0.1', 0);
INSERT INTO `amn_payment_log` VALUES (85, '2020-02-06 02:33:20', '2020-02-06 02:33:20', '{\"msg\":\"\",\"version_name\":\"DefaultVersion\",\"pc_phone\":\"pc\",\"wx_alipay_wap\":\"\",\"status\":\"error\",\"parameter\":{\"\\/Payment\\/Pay_do\":\"\",\"orderid\":\"123123123123123123\",\"amount\":\"122\",\"memberid\":\"10001\",\"orderdatetime\":\"2020-02-02 12:12:12\",\"paytype\":\"ZFB\",\"signmethod\":\"md5\",\"notifyurl\":\"dsggsadsagas\",\"callbackurl\":\"sdgsadgsadg\",\"sign\":\"sdgsdgssaassg\",\"version_numberstr\":\"1.0.0\"},\"version_parameter\":{\"orderid\":\"123123123123123123\",\"amount\":\"122\",\"memberid\":\"10001\",\"paytype\":\"ZFB\",\"orderdatetime\":\"2020-02-02 12:12:12\",\"signmethod\":\"md5\",\"notifyurl\":\"dsggsadsagas\",\"callbackurl\":\"sdgsadgsadg\",\"sign\":\"sdgsdgssaassg\"}}', '', '127.0.0.1', 0);
INSERT INTO `amn_payment_log` VALUES (86, '2020-02-06 02:34:34', '2020-02-06 02:34:34', '{\"msg\":\"\",\"version_name\":\"DefaultVersion\",\"pc_phone\":\"pc\",\"wx_alipay_wap\":\"\",\"status\":\"error\",\"parameter\":{\"\\/Payment\\/Pay_do\":\"\",\"orderid\":\"123123123123123123\",\"amount\":\"122\",\"memberid\":\"10001\",\"orderdatetime\":\"2020-02-02 12:12:12\",\"paytype\":\"ZFB\",\"signmethod\":\"md5\",\"notifyurl\":\"dsggsadsagas\",\"callbackurl\":\"sdgsadgsadg\",\"sign\":\"sdgsdgssaassg\",\"version_numberstr\":\"1.0.0\"},\"version_parameter\":{\"orderid\":\"123123123123123123\",\"amount\":\"122\",\"memberid\":\"10001\",\"paytype\":\"ZFB\",\"orderdatetime\":\"2020-02-02 12:12:12\",\"signmethod\":\"md5\",\"notifyurl\":\"dsggsadsagas\",\"callbackurl\":\"sdgsadgsadg\",\"sign\":\"sdgsdgssaassg\"}}', '', '127.0.0.1', 0);
INSERT INTO `amn_payment_log` VALUES (87, '2020-02-06 02:34:45', '2020-02-06 02:34:45', '{\"msg\":\"\",\"version_name\":\"DefaultVersion\",\"pc_phone\":\"pc\",\"wx_alipay_wap\":\"\",\"status\":\"error\",\"parameter\":{\"\\/Payment\\/Pay_do\":\"\",\"orderid\":\"123123123123123123\",\"amount\":\"122\",\"memberid\":\"10001\",\"orderdatetime\":\"2020-02-02 12:12:12\",\"paytype\":\"ZFB\",\"signmethod\":\"md5\",\"notifyurl\":\"dsggsadsagas\",\"callbackurl\":\"sdgsadgsadg\",\"sign\":\"sdgsdgssaassg\",\"version_numberstr\":\"1.0.0\"},\"version_parameter\":{\"orderid\":\"123123123123123123\",\"amount\":\"122\",\"memberid\":\"10001\",\"paytype\":\"ZFB\",\"orderdatetime\":\"2020-02-02 12:12:12\",\"signmethod\":\"md5\",\"notifyurl\":\"dsggsadsagas\",\"callbackurl\":\"sdgsadgsadg\",\"sign\":\"sdgsdgssaassg\"}}', '', '127.0.0.1', 0);
INSERT INTO `amn_payment_log` VALUES (88, '2020-02-06 02:36:16', '2020-02-06 02:36:16', '{\"msg\":\"签名错误\",\"version_name\":\"DefaultVersion\",\"pc_phone\":\"pc\",\"wx_alipay_wap\":\"\",\"status\":\"error\",\"parameter\":{\"\\/Payment\\/Pay_do\":\"\",\"orderid\":\"123123123123123123\",\"amount\":\"122\",\"memberid\":\"10001\",\"orderdatetime\":\"2020-02-02 12:12:12\",\"paytype\":\"ZFB\",\"signmethod\":\"md5\",\"notifyurl\":\"dsggsadsagas\",\"callbackurl\":\"sdgsadgsadg\",\"sign\":\"sdgsdgssaassg\",\"version_numberstr\":\"1.0.0\"},\"version_parameter\":{\"orderid\":\"123123123123123123\",\"amount\":\"122\",\"memberid\":\"10001\",\"paytype\":\"ZFB\",\"orderdatetime\":\"2020-02-02 12:12:12\",\"signmethod\":\"md5\",\"notifyurl\":\"dsggsadsagas\",\"callbackurl\":\"sdgsadgsadg\",\"sign\":\"sdgsdgssaassg\"}}', '签名错误', '127.0.0.1', 0);
INSERT INTO `amn_payment_log` VALUES (89, '2020-02-06 02:47:37', '2020-02-06 02:47:37', '{\"msg\":\"参数 version_numberstr 错误\",\"ip\":\"127.0.0.1\",\"status\":\"error\",\"parameter\":{\"\\/Payment\\/Pay_do\":\"\",\"orderid\":\"123123123123123123\",\"amount\":\"122\",\"memberid\":\"10001\",\"orderdatetime\":\"2020-02-02 12:12:12\",\"paytype\":\"ZFB\",\"signmethod\":\"md5\",\"notifyurl\":\"dsggsadsagas\",\"callbackurl\":\"sdgsadgsadg\",\"sign\":\"sdgsdgssaassg\",\"version_numberstr\":\"2.0.0\"}}', '参数 version_numberstr 错误', '127.0.0.1', 0);
INSERT INTO `amn_payment_log` VALUES (90, '2020-02-06 03:27:52', '2020-02-06 03:27:52', '{\"msg\":\"出错了！\",\"ip\":\"127.0.0.1\",\"version_name\":\"DefaultVersion\",\"pc_phone\":\"pc\",\"wx_alipay_wap\":\"\",\"status\":\"error\",\"parameter\":{\"\\/Payment\\/Pay_do\":\"\",\"orderid\":\"123123123123123123\",\"amount\":\"122\",\"memberid\":\"10001\",\"orderdatetime\":\"2020-02-02 12:12:12\",\"paytype\":\"ZFB\",\"signmethod\":\"md5\",\"notifyurl\":\"dsggsadsagas\",\"callbackurl\":\"sdgsadgsadg\",\"sign\":\"sdgsdgssaassg\",\"version_numberstr\":\"1.0.0\"},\"version_parameter\":{\"orderid\":\"123123123123123123\",\"amount\":\"122\",\"memberid\":\"10001\",\"paytype\":\"ZFB\",\"orderdatetime\":\"2020-02-02 12:12:12\",\"signmethod\":\"md5\",\"notifyurl\":\"dsggsadsagas\",\"callbackurl\":\"sdgsadgsadg\",\"sign\":\"sdgsdgssaassg\"},\"user_id\":1,\"FormatData\":{\"userid\":1,\"amount\":\"122\",\"orderid\":\"123123123123123123\",\"callbackurl\":\"sdgsadgsadg\",\"notifyurl\":\"dsggsadsagas\",\"order\":\"2020-02-02 12:12:12\",\"bankcode\":\"\",\"tongdao\":\"ZFB\",\"extend\":\"\",\"sign\":\"C9C33B9997757C6D3FB9994F93174CB6\"}}', '出错了！', '127.0.0.1', 1);
INSERT INTO `amn_payment_log` VALUES (91, '2020-02-06 04:01:13', '2020-02-06 04:01:13', '{\"msg\":\"\",\"ip\":\"127.0.0.1\",\"version_name\":\"DefaultVersion\",\"pc_phone\":\"pc\",\"wx_alipay_wap\":\"\",\"status\":\"error\",\"parameter\":{\"\\/Payment\\/Pay_do\":\"\",\"orderid\":\"123123123123123123\",\"amount\":\"122\",\"memberid\":\"10001\",\"orderdatetime\":\"2020-02-02 12:12:12\",\"paytype\":\"ZFB\",\"signmethod\":\"md5\",\"notifyurl\":\"dsggsadsagas\",\"callbackurl\":\"sdgsadgsadg\",\"sign\":\"sdgsdgssaassg\",\"version_numberstr\":\"1.0.0\"},\"version_parameter\":{\"orderid\":\"123123123123123123\",\"amount\":\"122\",\"memberid\":\"10001\",\"paytype\":\"ZFB\",\"orderdatetime\":\"2020-02-02 12:12:12\",\"signmethod\":\"md5\",\"notifyurl\":\"dsggsadsagas\",\"callbackurl\":\"sdgsadgsadg\",\"sign\":\"sdgsdgssaassg\"},\"user_id\":1,\"FormatData\":{\"userid\":1,\"amount\":\"122\",\"orderid\":\"123123123123123123\",\"callbackurl\":\"sdgsadgsadg\",\"notifyurl\":\"dsggsadsagas\",\"order\":\"2020-02-02 12:12:12\",\"bankcode\":\"\",\"tongdao\":\"ZFB\",\"extend\":\"\"}}', '', '127.0.0.1', 1);
INSERT INTO `amn_payment_log` VALUES (92, '2020-02-06 04:01:18', '2020-02-06 04:01:18', '{\"msg\":\"\",\"ip\":\"127.0.0.1\",\"version_name\":\"DefaultVersion\",\"pc_phone\":\"pc\",\"wx_alipay_wap\":\"\",\"status\":\"error\",\"parameter\":{\"\\/Payment\\/Pay_do\":\"\",\"orderid\":\"123123123123123123\",\"amount\":\"122\",\"memberid\":\"10001\",\"orderdatetime\":\"2020-02-02 12:12:12\",\"paytype\":\"ZFB\",\"signmethod\":\"md5\",\"notifyurl\":\"dsggsadsagas\",\"callbackurl\":\"sdgsadgsadg\",\"sign\":\"sdgsdgssaassg\",\"version_numberstr\":\"1.0.0\"},\"version_parameter\":{\"orderid\":\"123123123123123123\",\"amount\":\"122\",\"memberid\":\"10001\",\"paytype\":\"ZFB\",\"orderdatetime\":\"2020-02-02 12:12:12\",\"signmethod\":\"md5\",\"notifyurl\":\"dsggsadsagas\",\"callbackurl\":\"sdgsadgsadg\",\"sign\":\"sdgsdgssaassg\"},\"user_id\":1,\"FormatData\":{\"userid\":1,\"amount\":\"122\",\"orderid\":\"123123123123123123\",\"callbackurl\":\"sdgsadgsadg\",\"notifyurl\":\"dsggsadsagas\",\"order\":\"2020-02-02 12:12:12\",\"bankcode\":\"\",\"tongdao\":\"ZFB\",\"extend\":\"\"}}', '', '127.0.0.1', 1);
INSERT INTO `amn_payment_log` VALUES (93, '2020-02-06 04:01:36', '2020-02-06 04:01:36', '{\"msg\":\"系统错误，FormatData 数据验证失败\",\"ip\":\"127.0.0.1\",\"version_name\":\"DefaultVersion\",\"pc_phone\":\"pc\",\"wx_alipay_wap\":\"\",\"status\":\"error\",\"parameter\":{\"\\/Payment\\/Pay_do\":\"\",\"orderid\":\"123123123123123123\",\"amount\":\"122\",\"memberid\":\"10001\",\"orderdatetime\":\"2020-02-02 12:12:12\",\"paytype\":\"ZFB\",\"signmethod\":\"md5\",\"notifyurl\":\"dsggsadsagas\",\"callbackurl\":\"sdgsadgsadg\",\"sign\":\"sdgsdgssaassg\",\"version_numberstr\":\"1.0.0\"},\"version_parameter\":{\"orderid\":\"123123123123123123\",\"amount\":\"122\",\"memberid\":\"10001\",\"paytype\":\"ZFB\",\"orderdatetime\":\"2020-02-02 12:12:12\",\"signmethod\":\"md5\",\"notifyurl\":\"dsggsadsagas\",\"callbackurl\":\"sdgsadgsadg\",\"sign\":\"sdgsdgssaassg\"},\"user_id\":1,\"FormatData\":{\"userid\":1,\"amount\":\"122\",\"orderid\":\"123123123123123123\",\"callbackurl\":\"sdgsadgsadg\",\"notifyurl\":\"dsggsadsagas\",\"order\":\"2020-02-02 12:12:12\",\"bankcode\":\"\",\"tongdao\":\"ZFB\",\"extend\":\"\",\"sign\":\"C9C33B9997757C6D3FB9994F93174CB6\"}}', '系统错误，FormatData 数据验证失败', '127.0.0.1', 1);
INSERT INTO `amn_payment_log` VALUES (94, '2020-02-06 04:03:30', '2020-02-06 04:03:30', '{\"msg\":\"用户状态异常，支付功能被禁用，请联系管理员\",\"ip\":\"127.0.0.1\",\"version_name\":\"DefaultVersion\",\"pc_phone\":\"pc\",\"wx_alipay_wap\":\"\",\"status\":\"error\",\"parameter\":{\"\\/Payment\\/Pay_do\":\"\",\"orderid\":\"123123123123123123\",\"amount\":\"122\",\"memberid\":\"10001\",\"orderdatetime\":\"2020-02-02 12:12:12\",\"paytype\":\"ZFB\",\"signmethod\":\"md5\",\"notifyurl\":\"dsggsadsagas\",\"callbackurl\":\"sdgsadgsadg\",\"sign\":\"sdgsdgssaassg\",\"version_numberstr\":\"1.0.0\"},\"version_parameter\":{\"orderid\":\"123123123123123123\",\"amount\":\"122\",\"memberid\":\"10001\",\"paytype\":\"ZFB\",\"orderdatetime\":\"2020-02-02 12:12:12\",\"signmethod\":\"md5\",\"notifyurl\":\"dsggsadsagas\",\"callbackurl\":\"sdgsadgsadg\",\"sign\":\"sdgsdgssaassg\"},\"user_id\":1}', '用户状态异常，支付功能被禁用，请联系管理员', '127.0.0.1', 1);
INSERT INTO `amn_payment_log` VALUES (95, '2020-02-06 04:04:01', '2020-02-06 04:04:01', '{\"msg\":\"\",\"ip\":\"127.0.0.1\",\"version_name\":\"DefaultVersion\",\"pc_phone\":\"pc\",\"wx_alipay_wap\":\"\",\"status\":\"error\",\"parameter\":{\"\\/Payment\\/Pay_do\":\"\",\"orderid\":\"123123123123123123\",\"amount\":\"122\",\"memberid\":\"10001\",\"orderdatetime\":\"2020-02-02 12:12:12\",\"paytype\":\"ZFB\",\"signmethod\":\"md5\",\"notifyurl\":\"dsggsadsagas\",\"callbackurl\":\"sdgsadgsadg\",\"sign\":\"sdgsdgssaassg\",\"version_numberstr\":\"1.0.0\"},\"version_parameter\":{\"orderid\":\"123123123123123123\",\"amount\":\"122\",\"memberid\":\"10001\",\"paytype\":\"ZFB\",\"orderdatetime\":\"2020-02-02 12:12:12\",\"signmethod\":\"md5\",\"notifyurl\":\"dsggsadsagas\",\"callbackurl\":\"sdgsadgsadg\",\"sign\":\"sdgsdgssaassg\"},\"user_id\":1,\"FormatData\":{\"userid\":1,\"amount\":\"122\",\"orderid\":\"123123123123123123\",\"callbackurl\":\"sdgsadgsadg\",\"notifyurl\":\"dsggsadsagas\",\"order\":\"2020-02-02 12:12:12\",\"bankcode\":\"\",\"tongdao\":\"ZFB\",\"extend\":\"\"}}', '', '127.0.0.1', 1);
INSERT INTO `amn_payment_log` VALUES (96, '2020-02-06 04:04:12', '2020-02-06 04:04:12', '{\"msg\":\"用户状态异常，支付功能被禁用，请联系管理员\",\"ip\":\"127.0.0.1\",\"version_name\":\"DefaultVersion\",\"pc_phone\":\"pc\",\"wx_alipay_wap\":\"\",\"status\":\"error\",\"parameter\":{\"\\/Payment\\/Pay_do\":\"\",\"orderid\":\"123123123123123123\",\"amount\":\"122\",\"memberid\":\"10001\",\"orderdatetime\":\"2020-02-02 12:12:12\",\"paytype\":\"ZFB\",\"signmethod\":\"md5\",\"notifyurl\":\"dsggsadsagas\",\"callbackurl\":\"sdgsadgsadg\",\"sign\":\"sdgsdgssaassg\",\"version_numberstr\":\"1.0.0\"},\"version_parameter\":{\"orderid\":\"123123123123123123\",\"amount\":\"122\",\"memberid\":\"10001\",\"paytype\":\"ZFB\",\"orderdatetime\":\"2020-02-02 12:12:12\",\"signmethod\":\"md5\",\"notifyurl\":\"dsggsadsagas\",\"callbackurl\":\"sdgsadgsadg\",\"sign\":\"sdgsdgssaassg\"},\"user_id\":1}', '用户状态异常，支付功能被禁用，请联系管理员', '127.0.0.1', 1);
INSERT INTO `amn_payment_log` VALUES (97, '2020-02-06 04:14:35', '2020-02-06 04:14:35', '{\"msg\":\"\",\"ip\":\"127.0.0.1\",\"version_name\":\"DefaultVersion\",\"pc_phone\":\"pc\",\"wx_alipay_wap\":\"\",\"status\":\"error\",\"parameter\":{\"\\/Payment\\/Pay_do\":\"\",\"orderid\":\"123123123123123123\",\"amount\":\"122\",\"memberid\":\"10001\",\"orderdatetime\":\"2020-02-02 12:12:12\",\"paytype\":\"ZFB\",\"signmethod\":\"md5\",\"notifyurl\":\"dsggsadsagas\",\"callbackurl\":\"sdgsadgsadg\",\"sign\":\"sdgsdgssaassg\",\"version_numberstr\":\"1.0.0\"},\"version_parameter\":{\"orderid\":\"123123123123123123\",\"amount\":\"122\",\"memberid\":\"10001\",\"paytype\":\"ZFB\",\"orderdatetime\":\"2020-02-02 12:12:12\",\"signmethod\":\"md5\",\"notifyurl\":\"dsggsadsagas\",\"callbackurl\":\"sdgsadgsadg\",\"sign\":\"sdgsdgssaassg\"},\"user_id\":1,\"FormatData\":{\"userid\":1,\"amount\":\"122\",\"orderid\":\"123123123123123123\",\"callbackurl\":\"sdgsadgsadg\",\"notifyurl\":\"dsggsadsagas\",\"order\":\"2020-02-02 12:12:12\",\"bankcode\":\"\",\"tongdao\":\"ZFB\",\"extend\":\"\"}}', '', '127.0.0.1', 1);
INSERT INTO `amn_payment_log` VALUES (98, '2020-02-08 18:03:07', '2020-02-08 18:03:07', '{\"version_name\":\"DefaultVersion\",\"pc_phone\":\"pc\",\"wx_alipay_wap\":\"\",\"status\":\"error\",\"parameter\":{\"\\/Payment\\/Pay_do\":\"\",\"orderid\":\"123123123123123123\",\"amount\":\"122\",\"memberid\":\"10001\",\"orderdatetime\":\"2020-02-02 12:12:12\",\"paytype\":\"ZFB\",\"signmethod\":\"md5\",\"notifyurl\":\"dsggsadsagas\",\"callbackurl\":\"sdgsadgsadg\",\"sign\":\"sdgsdgssaassg\",\"version_numberstr\":\"1.0.0\"},\"msg\":\"系统错误，DefaultVersion\"}', '系统错误，DefaultVersion', '127.0.0.1', 0);
INSERT INTO `amn_payment_log` VALUES (99, '2020-02-08 18:06:34', '2020-02-08 18:06:34', '{\"version_name\":\"DefaultVersion\",\"pc_phone\":\"pc\",\"wx_alipay_wap\":\"\",\"status\":\"error\",\"parameter\":{\"\\/Payment\\/Pay_do\":\"\",\"orderid\":\"123123123123123123\",\"amount\":\"122\",\"memberid\":\"10001\",\"orderdatetime\":\"2020-02-02 12:12:12\",\"paytype\":\"ZFB\",\"signmethod\":\"md5\",\"notifyurl\":\"dsggsadsagas\",\"callbackurl\":\"sdgsadgsadg\",\"sign\":\"sdgsdgssaassg\",\"version_numberstr\":\"1.0.0\"},\"msg\":\"系统错误，DefaultVersion\"}', '系统错误，DefaultVersion', '127.0.0.1', 0);
INSERT INTO `amn_payment_log` VALUES (100, '2020-02-09 01:23:50', '2020-02-09 01:23:50', '{\"msg\":\"系统错误，version_name 缺失\",\"status\":\"error\"}', '系统错误，version_name 缺失', '127.0.0.1', 0);
INSERT INTO `amn_payment_log` VALUES (101, '2020-02-09 01:24:35', '2020-02-09 01:24:35', '{\"msg\":\"系统错误，version_name 缺失\",\"status\":\"error\"}', '系统错误，version_name 缺失', '127.0.0.1', 0);
INSERT INTO `amn_payment_log` VALUES (102, '2020-02-09 01:56:19', '2020-02-09 01:56:19', '{\"version_name\":\"DefaultVersion\",\"parameter\":{\"\\/Payment\\/Pay_do\":\"\",\"orderid\":\"123123123123123123\",\"amount\":\"122\",\"memberid\":\"10001\",\"orderdatetime\":\"2020-02-02 12:12:12\",\"paytype\":\"ZFB\",\"signmethod\":\"md5\",\"notifyurl\":\"dsggsadsagas\",\"callbackurl\":\"sdgsadgsadg\",\"sign\":\"sdgsdgssaassg\",\"version_numberstr\":\"1.0.0\"},\"version_parameter\":{\"orderid\":\"123123123123123123\",\"amount\":\"122\",\"memberid\":\"10001\",\"paytype\":\"ZFB\",\"orderdatetime\":\"2020-02-02 12:12:12\",\"signmethod\":\"md5\",\"notifyurl\":\"dsggsadsagas\",\"callbackurl\":\"sdgsadgsadg\",\"sign\":\"sdgsdgssaassg\"},\"user_id\":1,\"msg\":\"系统错误，FormatData 数据验证失败\",\"FormatData\":{\"userid\":1,\"amount\":\"122\",\"orderid\":\"123123123123123123\",\"callbackurl\":\"sdgsadgsadg\",\"notifyurl\":\"dsggsadsagas\",\"order\":\"2020-02-02 12:12:12\",\"bankcode\":\"\",\"tongdao\":\"ZFB\",\"extend\":\"\",\"sign\":\"AC622A2880C043EADB1193962129B4F1D8948BBB\"},\"status\":\"error\",\"pc_phone\":\"pc\",\"wx_alipay_wap\":\"\"}', '系统错误，FormatData 数据验证失败', '127.0.0.1', 1);
INSERT INTO `amn_payment_log` VALUES (103, '2020-02-09 02:02:13', '2020-02-09 02:02:13', '{\"version_name\":\"DefaultVersion\",\"parameter\":{\"\\/Payment\\/Pay_do\":\"\",\"orderid\":\"123123123123123123\",\"amount\":\"122\",\"memberid\":\"10001\",\"orderdatetime\":\"2020-02-02 12:12:12\",\"paytype\":\"ZFB\",\"signmethod\":\"md5\",\"notifyurl\":\"dsggsadsagas\",\"callbackurl\":\"sdgsadgsadg\",\"sign\":\"sdgsdgssaassg\",\"version_numberstr\":\"1.0.0\"},\"version_parameter\":{\"orderid\":\"123123123123123123\",\"amount\":\"122\",\"memberid\":\"10001\",\"paytype\":\"ZFB\",\"orderdatetime\":\"2020-02-02 12:12:12\",\"signmethod\":\"md5\",\"notifyurl\":\"dsggsadsagas\",\"callbackurl\":\"sdgsadgsadg\",\"sign\":\"sdgsdgssaassg\"},\"user_id\":1,\"msg\":\"系统错误，FormatData 数据验证失败\",\"FormatData\":{\"userid\":1,\"amount\":\"122\",\"orderid\":\"123123123123123123\",\"callbackurl\":\"sdgsadgsadg\",\"notifyurl\":\"dsggsadsagas\",\"order\":\"2020-02-02 12:12:12\",\"bankcode\":\"\",\"tongdao\":\"ZFB\",\"extend\":\"\",\"sign\":\"AC622A2880C043EADB1193962129B4F1D8948BBB\"},\"status\":\"error\",\"pc_phone\":\"pc\",\"wx_alipay_wap\":\"\"}', '系统错误，FormatData 数据验证失败', '127.0.0.1', 1);
INSERT INTO `amn_payment_log` VALUES (104, '2020-02-09 02:12:14', '2020-02-09 02:12:14', '{\"version_name\":\"DefaultVersion\",\"parameter\":{\"\\/Payment\\/Pay_do\":\"\",\"orderid\":\"123123123123123123\",\"amount\":\"122\",\"memberid\":\"10001\",\"orderdatetime\":\"2020-02-02 12:12:12\",\"paytype\":\"ZFB\",\"signmethod\":\"md5\",\"notifyurl\":\"dsggsadsagas\",\"callbackurl\":\"sdgsadgsadg\",\"sign\":\"sdgsdgssaassg\",\"version_numberstr\":\"1.0.0\"},\"version_parameter\":{\"orderid\":\"123123123123123123\",\"amount\":\"122\",\"memberid\":\"10001\",\"paytype\":\"ZFB\",\"orderdatetime\":\"2020-02-02 12:12:12\",\"signmethod\":\"md5\",\"notifyurl\":\"dsggsadsagas\",\"callbackurl\":\"sdgsadgsadg\",\"sign\":\"sdgsdgssaassg\"},\"user_id\":1,\"msg\":\"系统错误，FormatData 数据验证失败\",\"FormatData\":{\"userid\":1,\"amount\":\"122\",\"orderid\":\"123123123123123123\",\"callbackurl\":\"sdgsadgsadg\",\"notifyurl\":\"dsggsadsagas\",\"order\":\"2020-02-02 12:12:12\",\"bankcode\":\"\",\"tongdao\":\"ZFB\",\"extend\":\"\",\"sign\":\"AC622A2880C043EADB1193962129B4F1D8948BBB\"},\"status\":\"error\",\"pc_phone\":\"pc\",\"wx_alipay_wap\":\"\"}', '系统错误，FormatData 数据验证失败', '127.0.0.1', 1);
INSERT INTO `amn_payment_log` VALUES (105, '2020-02-09 03:40:22', '2020-02-09 03:40:22', '{\"version_name\":\"DefaultVersion\",\"parameter\":{\"\\/Payment\\/Pay_do\":\"\",\"orderid\":\"123123123123123123\",\"amount\":\"122\",\"memberid\":\"10001\",\"orderdatetime\":\"2020-02-02 12:12:12\",\"paytype\":\"ZFB\",\"signmethod\":\"md5\",\"notifyurl\":\"dsggsadsagas\",\"callbackurl\":\"sdgsadgsadg\",\"sign\":\"sdgsdgssaassg\",\"version_numberstr\":\"1.0.0\"},\"version_parameter\":{\"orderid\":\"123123123123123123\",\"amount\":\"122\",\"memberid\":\"10001\",\"paytype\":\"ZFB\",\"orderdatetime\":\"2020-02-02 12:12:12\",\"signmethod\":\"md5\",\"notifyurl\":\"dsggsadsagas\",\"callbackurl\":\"sdgsadgsadg\",\"sign\":\"sdgsdgssaassg\"},\"user_id\":1,\"msg\":\"签名错误\",\"FormatData\":{\"userid\":1,\"amount\":\"122\",\"orderid\":\"123123123123123123\",\"callbackurl\":\"sdgsadgsadg\",\"notifyurl\":\"dsggsadsagas\",\"order\":\"2020-02-02 12:12:12\",\"bankcode\":\"\",\"tongdao\":\"ZFB\",\"extend\":\"\",\"sign\":\"AC622A2880C043EADB1193962129B4F1D8948BBB\"},\"status\":\"error\",\"pc_phone\":\"pc\",\"wx_alipay_wap\":\"\"}', '签名错误', '127.0.0.1', 1);
INSERT INTO `amn_payment_log` VALUES (106, '2020-02-09 03:42:31', '2020-02-09 03:42:31', '{\"version_name\":\"DefaultVersion\",\"parameter\":{\"\\/Payment\\/Pay_do\":\"\",\"orderid\":\"123123123123123123\",\"amount\":\"122\",\"memberid\":\"10001\",\"orderdatetime\":\"2020-02-02 12:12:12\",\"paytype\":\"ZFB\",\"signmethod\":\"md5\",\"notifyurl\":\"dsggsadsagas\",\"callbackurl\":\"sdgsadgsadg\",\"sign\":\"sdgsdgssaassg\",\"version_numberstr\":\"1.0.0\"},\"version_parameter\":{\"orderid\":\"123123123123123123\",\"amount\":\"122\",\"memberid\":\"10001\",\"paytype\":\"ZFB\",\"orderdatetime\":\"2020-02-02 12:12:12\",\"signmethod\":\"md5\",\"notifyurl\":\"dsggsadsagas\",\"callbackurl\":\"sdgsadgsadg\",\"sign\":\"sdgsdgssaassg\"},\"user_id\":1,\"msg\":\"签名错误\",\"FormatData\":{\"userid\":1,\"amount\":\"122\",\"orderid\":\"123123123123123123\",\"callbackurl\":\"sdgsadgsadg\",\"notifyurl\":\"dsggsadsagas\",\"order\":\"2020-02-02 12:12:12\",\"bankcode\":\"\",\"tongdao\":\"ZFB\",\"extend\":\"\",\"sign\":\"AC622A2880C043EADB1193962129B4F1D8948BBB\"},\"status\":\"error\",\"pc_phone\":\"pc\",\"wx_alipay_wap\":\"\"}', '签名错误', '127.0.0.1', 1);
INSERT INTO `amn_payment_log` VALUES (107, '2020-02-09 03:42:45', '2020-02-09 03:42:45', '{\"version_name\":\"DefaultVersion\",\"parameter\":{\"\\/Payment\\/Pay_do\":\"\",\"orderid\":\"123123123123123123\",\"amount\":\"122\",\"memberid\":\"10001\",\"orderdatetime\":\"2020-02-02 12:12:12\",\"paytype\":\"ZFB\",\"signmethod\":\"md5\",\"notifyurl\":\"dsggsadsagas\",\"callbackurl\":\"sdgsadgsadg\",\"sign\":\"sdgsdgssaassg\",\"version_numberstr\":\"1.0.0\"},\"version_parameter\":{\"orderid\":\"123123123123123123\",\"amount\":\"122\",\"memberid\":\"10001\",\"paytype\":\"ZFB\",\"orderdatetime\":\"2020-02-02 12:12:12\",\"signmethod\":\"md5\",\"notifyurl\":\"dsggsadsagas\",\"callbackurl\":\"sdgsadgsadg\",\"sign\":\"sdgsdgssaassg\"},\"user_id\":1,\"msg\":\"签名错误\",\"FormatData\":{\"userid\":1,\"amount\":\"122\",\"orderid\":\"123123123123123123\",\"callbackurl\":\"sdgsadgsadg\",\"notifyurl\":\"dsggsadsagas\",\"order\":\"2020-02-02 12:12:12\",\"bankcode\":\"\",\"tongdao\":\"ZFB\",\"extend\":\"\",\"sign\":\"AC622A2880C043EADB1193962129B4F1D8948BBB\"},\"status\":\"error\",\"pc_phone\":\"pc\",\"wx_alipay_wap\":\"\"}', '签名错误', '127.0.0.1', 1);
INSERT INTO `amn_payment_log` VALUES (108, '2020-02-09 03:43:30', '2020-02-09 03:43:30', '{\"version_name\":\"DefaultVersion\",\"parameter\":{\"\\/Payment\\/Pay_do\":\"\",\"orderid\":\"123123123123123123\",\"amount\":\"122\",\"memberid\":\"10001\",\"orderdatetime\":\"2020-02-02 12:12:12\",\"paytype\":\"ZFB\",\"signmethod\":\"md5\",\"notifyurl\":\"dsggsadsagas\",\"callbackurl\":\"sdgsadgsadg\",\"sign\":\"sdgsdgssaassg\",\"version_numberstr\":\"1.0.0\"},\"version_parameter\":{\"orderid\":\"123123123123123123\",\"amount\":\"122\",\"memberid\":\"10001\",\"paytype\":\"ZFB\",\"orderdatetime\":\"2020-02-02 12:12:12\",\"signmethod\":\"md5\",\"notifyurl\":\"dsggsadsagas\",\"callbackurl\":\"sdgsadgsadg\",\"sign\":\"sdgsdgssaassg\"},\"user_id\":1,\"msg\":\"签名错误\",\"FormatData\":{\"userid\":1,\"amount\":\"122\",\"orderid\":\"123123123123123123\",\"callbackurl\":\"sdgsadgsadg\",\"notifyurl\":\"dsggsadsagas\",\"order\":\"2020-02-02 12:12:12\",\"bankcode\":\"\",\"tongdao\":\"ZFB\",\"extend\":\"\",\"sign\":\"AC622A2880C043EADB1193962129B4F1D8948BBB\"},\"status\":\"error\",\"pc_phone\":\"pc\",\"wx_alipay_wap\":\"\"}', '签名错误', '127.0.0.1', 1);
INSERT INTO `amn_payment_log` VALUES (109, '2020-02-09 03:45:11', '2020-02-09 03:45:11', '{\"version_name\":\"DefaultVersion\",\"parameter\":{\"\\/Payment\\/Pay_do\":\"\",\"orderid\":\"123123123123123123\",\"amount\":\"122\",\"memberid\":\"10001\",\"orderdatetime\":\"2020-02-02 12:12:12\",\"paytype\":\"ZFB\",\"signmethod\":\"md5\",\"notifyurl\":\"dsggsadsagas\",\"callbackurl\":\"sdgsadgsadg\",\"sign\":\"sdgsdgssaassg\",\"version_numberstr\":\"1.0.0\"},\"version_parameter\":{\"orderid\":\"123123123123123123\",\"amount\":\"122\",\"memberid\":\"10001\",\"paytype\":\"ZFB\",\"orderdatetime\":\"2020-02-02 12:12:12\",\"signmethod\":\"md5\",\"notifyurl\":\"dsggsadsagas\",\"callbackurl\":\"sdgsadgsadg\",\"sign\":\"sdgsdgssaassg\"},\"user_id\":1,\"msg\":\"签名错误\",\"FormatData\":{\"userid\":1,\"amount\":\"122\",\"orderid\":\"123123123123123123\",\"callbackurl\":\"sdgsadgsadg\",\"notifyurl\":\"dsggsadsagas\",\"order\":\"2020-02-02 12:12:12\",\"bankcode\":\"\",\"tongdao\":\"ZFB\",\"extend\":\"\",\"sign\":\"AC622A2880C043EADB1193962129B4F1D8948BBB\"},\"status\":\"error\",\"pc_phone\":\"pc\",\"wx_alipay_wap\":\"\",\"return_content\":\"{\\\"a\\\":\\\"a\\\",\\\"b\\\":\\\"a\\\"}\"}', '签名错误', '127.0.0.1', 1);
INSERT INTO `amn_payment_log` VALUES (110, '2020-02-09 04:12:24', '2020-02-09 04:12:24', '{\"version_name\":\"DefaultVersion\",\"parameter\":{\"\\/Payment\\/Pay_do\":\"\",\"orderid\":\"123123123123123123\",\"amount\":\"122\",\"memberid\":\"10001\",\"orderdatetime\":\"2020-02-02 12:12:12\",\"paytype\":\"ZFB\",\"signmethod\":\"md5\",\"notifyurl\":\"dsggsadsagas\",\"callbackurl\":\"sdgsadgsadg\",\"sign\":\"sdgsdgssaassg\",\"version_numberstr\":\"1.0.0\"},\"version_parameter\":{\"orderid\":\"123123123123123123\",\"amount\":\"122\",\"memberid\":\"10001\",\"paytype\":\"ZFB\",\"orderdatetime\":\"2020-02-02 12:12:12\",\"signmethod\":\"md5\",\"notifyurl\":\"dsggsadsagas\",\"callbackurl\":\"sdgsadgsadg\",\"sign\":\"sdgsdgssaassg\"},\"user_id\":1,\"msg\":\"通道编码错误 AlipaySm\",\"FormatData\":{\"userid\":1,\"amount\":\"122\",\"orderid\":\"123123123123123123\",\"callbackurl\":\"sdgsadgsadg\",\"notifyurl\":\"dsggsadsagas\",\"order\":\"2020-02-02 12:12:12\",\"bankcode\":\"\",\"tongdao\":\"ZFB\",\"extend\":\"\",\"sign\":\"AC622A2880C043EADB1193962129B4F1D8948BBB\"},\"status\":\"error\",\"pc_phone\":\"pc\",\"wx_alipay_wap\":\"\",\"return_content\":\"{\\\"a\\\":\\\"a\\\",\\\"b\\\":\\\"a\\\"}\"}', '通道编码错误 AlipaySm', '127.0.0.1', 1);
INSERT INTO `amn_payment_log` VALUES (111, '2020-02-09 04:18:43', '2020-02-09 04:18:43', '{\"version_name\":\"DefaultVersion\",\"parameter\":{\"\\/Payment\\/Pay_do\":\"\",\"orderid\":\"123123123123123123\",\"amount\":\"122\",\"memberid\":\"10001\",\"orderdatetime\":\"2020-02-02 12:12:12\",\"paytype\":\"ZFB\",\"signmethod\":\"md5\",\"notifyurl\":\"dsggsadsagas\",\"callbackurl\":\"sdgsadgsadg\",\"sign\":\"sdgsdgssaassg\",\"version_numberstr\":\"1.0.0\"},\"version_parameter\":{\"orderid\":\"123123123123123123\",\"amount\":\"122\",\"memberid\":\"10001\",\"paytype\":\"ZFB\",\"orderdatetime\":\"2020-02-02 12:12:12\",\"signmethod\":\"md5\",\"notifyurl\":\"dsggsadsagas\",\"callbackurl\":\"sdgsadgsadg\",\"sign\":\"sdgsdgssaassg\"},\"user_id\":1,\"msg\":\"系统错误，FormatData 参数缺失\",\"formatdata\":{\"userid\":1,\"amount\":\"122\",\"orderid\":\"123123123123123123\",\"callbackurl\":\"sdgsadgsadg\",\"notifyurl\":\"dsggsadsagas\",\"order\":\"2020-02-02 12:12:12\",\"bankcode\":\"\",\"tongdao\":\"ZFB\",\"extend\":\"\",\"sign\":\"AC622A2880C043EADB1193962129B4F1D8948BBB\"},\"status\":\"error\",\"pc_phone\":\"pc\",\"wx_alipay_wap\":\"\"}', '系统错误，FormatData 参数缺失', '127.0.0.1', 1);
INSERT INTO `amn_payment_log` VALUES (112, '2020-02-09 04:19:16', '2020-02-09 04:19:16', '{\"version_name\":\"DefaultVersion\",\"parameter\":{\"\\/Payment\\/Pay_do\":\"\",\"orderid\":\"123123123123123123\",\"amount\":\"122\",\"memberid\":\"10001\",\"orderdatetime\":\"2020-02-02 12:12:12\",\"paytype\":\"ZFB\",\"signmethod\":\"md5\",\"notifyurl\":\"dsggsadsagas\",\"callbackurl\":\"sdgsadgsadg\",\"sign\":\"sdgsdgssaassg\",\"version_numberstr\":\"1.0.0\"},\"version_parameter\":{\"orderid\":\"123123123123123123\",\"amount\":\"122\",\"memberid\":\"10001\",\"paytype\":\"ZFB\",\"orderdatetime\":\"2020-02-02 12:12:12\",\"signmethod\":\"md5\",\"notifyurl\":\"dsggsadsagas\",\"callbackurl\":\"sdgsadgsadg\",\"sign\":\"sdgsdgssaassg\"},\"user_id\":1,\"msg\":\"通道编码错误 AlipaySm\",\"formatdata\":{\"userid\":1,\"amount\":\"122\",\"orderid\":\"123123123123123123\",\"callbackurl\":\"sdgsadgsadg\",\"notifyurl\":\"dsggsadsagas\",\"order\":\"2020-02-02 12:12:12\",\"bankcode\":\"\",\"tongdao\":\"ZFB\",\"extend\":\"\",\"sign\":\"AC622A2880C043EADB1193962129B4F1D8948BBB\"},\"status\":\"error\",\"pc_phone\":\"pc\",\"wx_alipay_wap\":\"\"}', '通道编码错误 AlipaySm', '127.0.0.1', 1);
INSERT INTO `amn_payment_log` VALUES (113, '2020-02-09 04:27:23', '2020-02-09 04:27:23', '{\"version_name\":\"DefaultVersion\",\"parameter\":{\"\\/Payment\\/Pay_do\":\"\",\"orderid\":\"123123123123123123\",\"amount\":\"122\",\"memberid\":\"10001\",\"orderdatetime\":\"2020-02-02 12:12:12\",\"paytype\":\"ZFB\",\"signmethod\":\"md5\",\"notifyurl\":\"dsggsadsagas\",\"callbackurl\":\"sdgsadgsadg\",\"sign\":\"sdgsdgssaassg\",\"version_numberstr\":\"1.0.0\"},\"status\":\"error\",\"msg\":\"参数 version_name 错误\"}', '参数 version_name 错误', '127.0.0.1', 0);
INSERT INTO `amn_payment_log` VALUES (114, '2020-02-09 04:27:29', '2020-02-09 04:27:29', '{\"version_name\":\"DefaultVersion\",\"parameter\":{\"\\/Payment\\/Pay_do\":\"\",\"orderid\":\"123123123123123123\",\"amount\":\"122\",\"memberid\":\"10001\",\"orderdatetime\":\"2020-02-02 12:12:12\",\"paytype\":\"ZFB\",\"signmethod\":\"md5\",\"notifyurl\":\"dsggsadsagas\",\"callbackurl\":\"sdgsadgsadg\",\"sign\":\"sdgsdgssaassg\",\"version_numberstr\":\"1.0.0\"},\"status\":\"error\",\"msg\":\"参数 version_name 错误\"}', '参数 version_name 错误', '127.0.0.1', 0);
INSERT INTO `amn_payment_log` VALUES (115, '2020-02-09 04:28:45', '2020-02-09 04:28:45', '{\"version_name\":\"DefaultVersion\",\"parameter\":{\"\\/Payment\\/Pay_do\":\"\",\"orderid\":\"123123123123123123\",\"amount\":\"122\",\"memberid\":\"10001\",\"orderdatetime\":\"2020-02-02 12:12:12\",\"paytype\":\"ZFB\",\"signmethod\":\"md5\",\"notifyurl\":\"dsggsadsagas\",\"callbackurl\":\"sdgsadgsadg\",\"sign\":\"sdgsdgssaassg\",\"version_numberstr\":\"1.0.0\"},\"version_parameter\":{\"orderid\":\"123123123123123123\",\"amount\":\"122\",\"memberid\":\"10001\",\"paytype\":\"ZFB\",\"orderdatetime\":\"2020-02-02 12:12:12\",\"signmethod\":\"md5\",\"notifyurl\":\"dsggsadsagas\",\"callbackurl\":\"sdgsadgsadg\",\"sign\":\"sdgsdgssaassg\"},\"user_id\":1,\"msg\":\"系统错误，FormatData 数据验证失败\",\"formatdata\":{\"userid\":1,\"amount\":\"122\",\"orderid\":\"123123123123123123\",\"callbackurl\":\"sdgsadgsadg\",\"notifyurl\":\"dsggsadsagas\",\"order\":\"2020-02-02 12:12:12\",\"bankcode\":\"\",\"tongdao\":\"ZFB\",\"extend\":\"\",\"sign\":\"C7B6CCAAB4561D78A6447D647BAB4D63E99C8C9C\"},\"status\":\"error\",\"pc_phone\":\"pc\",\"wx_alipay_wap\":\"\"}', '系统错误，FormatData 数据验证失败', '127.0.0.1', 1);
INSERT INTO `amn_payment_log` VALUES (116, '2020-02-09 04:29:29', '2020-02-09 04:29:29', '{\"version_name\":\"DefaultVersion\",\"parameter\":{\"\\/Payment\\/Pay_do\":\"\",\"orderid\":\"123123123123123123\",\"amount\":\"122\",\"memberid\":\"10001\",\"orderdatetime\":\"2020-02-02 12:12:12\",\"paytype\":\"ZFB\",\"signmethod\":\"md5\",\"notifyurl\":\"dsggsadsagas\",\"callbackurl\":\"sdgsadgsadg\",\"sign\":\"sdgsdgssaassg\",\"version_numberstr\":\"1.0.0\"},\"version_parameter\":{\"orderid\":\"123123123123123123\",\"amount\":\"122\",\"memberid\":\"10001\",\"paytype\":\"ZFB\",\"orderdatetime\":\"2020-02-02 12:12:12\",\"signmethod\":\"md5\",\"notifyurl\":\"dsggsadsagas\",\"callbackurl\":\"sdgsadgsadg\",\"sign\":\"sdgsdgssaassg\"},\"user_id\":1,\"msg\":\"通道编码错误 AlipaySm\",\"formatdata\":{\"userid\":1,\"amount\":\"122\",\"orderid\":\"123123123123123123\",\"callbackurl\":\"sdgsadgsadg\",\"notifyurl\":\"dsggsadsagas\",\"order\":\"2020-02-02 12:12:12\",\"bankcode\":\"\",\"tongdao\":\"ZFB\",\"extend\":\"\",\"sign\":\"AC622A2880C043EADB1193962129B4F1D8948BBB\"},\"status\":\"error\",\"pc_phone\":\"pc\",\"wx_alipay_wap\":\"\"}', '通道编码错误 AlipaySm', '127.0.0.1', 1);
INSERT INTO `amn_payment_log` VALUES (117, '2020-02-09 04:30:35', '2020-02-09 04:30:35', '{\"version_name\":\"DefaultVersion\",\"parameter\":{\"\\/Payment\\/Pay_do\":\"\",\"orderid\":\"123123123123123123\",\"amount\":\"122\",\"memberid\":\"10001\",\"orderdatetime\":\"2020-02-02 12:12:12\",\"paytype\":\"ZFB\",\"signmethod\":\"md5\",\"notifyurl\":\"dsggsadsagas\",\"callbackurl\":\"sdgsadgsadg\",\"sign\":\"sdgsdgssaassg\",\"version_numberstr\":\"1.0.0\"},\"version_parameter\":{\"orderid\":\"123123123123123123\",\"amount\":\"122\",\"memberid\":\"10001\",\"paytype\":\"ZFB\",\"orderdatetime\":\"2020-02-02 12:12:12\",\"signmethod\":\"md5\",\"notifyurl\":\"dsggsadsagas\",\"callbackurl\":\"sdgsadgsadg\",\"sign\":\"sdgsdgssaassg\"},\"user_id\":1,\"msg\":\"通道编码错误 AlipaySm\",\"formatdata\":{\"userid\":1,\"amount\":\"122\",\"orderid\":\"123123123123123123\",\"callbackurl\":\"sdgsadgsadg\",\"notifyurl\":\"dsggsadsagas\",\"order\":\"2020-02-02 12:12:12\",\"bankcode\":\"\",\"tongdao\":\"ZFB\",\"extend\":\"\",\"sign\":\"AC622A2880C043EADB1193962129B4F1D8948BBB\"},\"pc_phone\":\"pc\",\"wx_alipay_wap\":\"\",\"status\":\"error\"}', '通道编码错误 AlipaySm', '127.0.0.1', 1);
INSERT INTO `amn_payment_log` VALUES (118, '2020-02-09 04:31:17', '2020-02-09 04:31:17', '{\"version_name\":\"DefaultVersion\",\"parameter\":{\"\\/Payment\\/Pay_do\":\"\",\"orderid\":\"123123123123123123\",\"amount\":\"122\",\"memberid\":\"10001\",\"orderdatetime\":\"2020-02-02 12:12:12\",\"paytype\":\"ZFB\",\"signmethod\":\"md5\",\"notifyurl\":\"dsggsadsagas\",\"callbackurl\":\"sdgsadgsadg\",\"sign\":\"sdgsdgssaassg\",\"version_numberstr\":\"1.0.0\"},\"version_parameter\":{\"orderid\":\"123123123123123123\",\"amount\":\"122\",\"memberid\":\"10001\",\"paytype\":\"ZFB\",\"orderdatetime\":\"2020-02-02 12:12:12\",\"signmethod\":\"md5\",\"notifyurl\":\"dsggsadsagas\",\"callbackurl\":\"sdgsadgsadg\",\"sign\":\"sdgsdgssaassg\"},\"user_id\":1,\"msg\":\"通道编码错误 AlipaySm\",\"formatdata\":{\"userid\":1,\"amount\":\"122\",\"orderid\":\"123123123123123123\",\"callbackurl\":\"sdgsadgsadg\",\"notifyurl\":\"dsggsadsagas\",\"order\":\"2020-02-02 12:12:12\",\"bankcode\":\"\",\"tongdao\":\"ZFB\",\"extend\":\"\",\"sign\":\"AC622A2880C043EADB1193962129B4F1D8948BBB\"},\"pc_phone\":\"pc\",\"wx_alipay_wap\":\"\",\"status\":\"error\"}', '通道编码错误 AlipaySm', '127.0.0.1', 1);
INSERT INTO `amn_payment_log` VALUES (119, '2020-02-09 04:33:43', '2020-02-09 04:33:43', '{\"version_name\":\"DefaultVersion\",\"parameter\":{\"\\/Payment\\/Pay_do\":\"\",\"orderid\":\"123123123123123123\",\"amount\":\"122\",\"memberid\":\"10001\",\"orderdatetime\":\"2020-02-02 12:12:12\",\"paytype\":\"ZFB\",\"signmethod\":\"md5\",\"notifyurl\":\"dsggsadsagas\",\"callbackurl\":\"sdgsadgsadg\",\"sign\":\"sdgsdgssaassg\",\"version_numberstr\":\"1.0.0\"},\"version_parameter\":{\"orderid\":\"123123123123123123\",\"amount\":\"122\",\"memberid\":\"10001\",\"paytype\":\"ZFB\",\"orderdatetime\":\"2020-02-02 12:12:12\",\"signmethod\":\"md5\",\"notifyurl\":\"dsggsadsagas\",\"callbackurl\":\"sdgsadgsadg\",\"sign\":\"sdgsdgssaassg\"},\"user_id\":1,\"msg\":\"通道编码错误 AlipaySm\",\"formatdata\":{\"userid\":1,\"amount\":\"122\",\"orderid\":\"123123123123123123\",\"callbackurl\":\"sdgsadgsadg\",\"notifyurl\":\"dsggsadsagas\",\"order\":\"2020-02-02 12:12:12\",\"bankcode\":\"\",\"tongdao\":\"ZFB\",\"extend\":\"\",\"sign\":\"AC622A2880C043EADB1193962129B4F1D8948BBB\"},\"pc_phone\":\"pc\",\"wx_alipay_wap\":\"\",\"status\":\"error\"}', '通道编码错误 AlipaySm', '127.0.0.1', 1);
INSERT INTO `amn_payment_log` VALUES (120, '2020-02-09 04:35:15', '2020-02-09 04:35:15', '{\"version_name\":\"DefaultVersion\",\"parameter\":{\"\\/Payment\\/Pay_do\":\"\",\"orderid\":\"123123123123123123\",\"amount\":\"122\",\"memberid\":\"10003\",\"orderdatetime\":\"2020-02-02 12:12:12\",\"paytype\":\"ZFB\",\"signmethod\":\"md5\",\"notifyurl\":\"dsggsadsagas\",\"callbackurl\":\"sdgsadgsadg\",\"sign\":\"sdgsdgssaassg\",\"version_numberstr\":\"1.0.0\"},\"version_parameter\":{\"orderid\":\"123123123123123123\",\"amount\":\"122\",\"memberid\":\"10003\",\"paytype\":\"ZFB\",\"orderdatetime\":\"2020-02-02 12:12:12\",\"signmethod\":\"md5\",\"notifyurl\":\"dsggsadsagas\",\"callbackurl\":\"sdgsadgsadg\",\"sign\":\"sdgsdgssaassg\"},\"msg\":\"获取用户密钥信息失败\",\"status\":\"error\"}', '获取用户密钥信息失败', '127.0.0.1', 0);
INSERT INTO `amn_payment_log` VALUES (121, '2020-02-09 04:37:19', '2020-02-09 04:37:19', '{\"version_name\":\"DefaultVersion\",\"status\":\"error\",\"msg\":\"参数 version_name 错误\"}', '参数 version_name 错误', '127.0.0.1', 0);
INSERT INTO `amn_payment_log` VALUES (122, '2020-02-09 04:38:27', '2020-02-09 04:38:27', '{\"version_name\":\"DefaultVersion\",\"status\":\"error\",\"msg\":\"参数 version_name 错误\"}', '参数 version_name 错误', '127.0.0.1', 0);
INSERT INTO `amn_payment_log` VALUES (123, '2020-02-09 04:41:40', '2020-02-09 04:41:40', '{\"version_name\":\"DefaultVersion\",\"parameter\":{\"\\/Payment\\/Pay_do\":\"\",\"orderid\":\"123123123123123123\",\"amount\":\"122\",\"memberid\":\"10003\",\"orderdatetime\":\"2020-02-02 12:12:12\",\"paytype\":\"ZFB\",\"signmethod\":\"md5\",\"notifyurl\":\"dsggsadsagas\",\"callbackurl\":\"sdgsadgsadg\",\"sign\":\"sdgsdgssaassg\",\"version_numberstr\":\"1.0.0\"},\"version_parameter\":{\"orderid\":\"123123123123123123\",\"amount\":\"122\",\"memberid\":\"10003\",\"paytype\":\"ZFB\",\"orderdatetime\":\"2020-02-02 12:12:12\",\"signmethod\":\"md5\",\"notifyurl\":\"dsggsadsagas\",\"callbackurl\":\"sdgsadgsadg\",\"sign\":\"sdgsdgssaassg\"},\"msg\":\"用户不存在\",\"status\":\"error\"}', '用户不存在', '127.0.0.1', 0);
INSERT INTO `amn_payment_log` VALUES (124, '2020-02-09 04:42:38', '2020-02-09 04:42:38', '{\"version_name\":\"DefaultVersion\",\"parameter\":{\"\\/Payment\\/Pay_do\":\"\",\"orderid\":\"123123123123123123\",\"amount\":\"122\",\"memberid\":\"10003\",\"orderdatetime\":\"2020-02-02 12:12:12\",\"paytype\":\"ZFB\",\"signmethod\":\"md5\",\"notifyurl\":\"dsggsadsagas\",\"callbackurl\":\"sdgsadgsadg\",\"sign\":\"sdgsdgssaassg\",\"version_numberstr\":\"1.0.0\"},\"version_parameter\":{\"orderid\":\"123123123123123123\",\"amount\":\"122\",\"memberid\":\"10003\",\"paytype\":\"ZFB\",\"orderdatetime\":\"2020-02-02 12:12:12\",\"signmethod\":\"md5\",\"notifyurl\":\"dsggsadsagas\",\"callbackurl\":\"sdgsadgsadg\",\"sign\":\"sdgsdgssaassg\"},\"msg\":\"用户不存在\",\"status\":\"error\"}', '用户不存在', '127.0.0.1', 0);
INSERT INTO `amn_payment_log` VALUES (125, '2020-02-09 04:43:33', '2020-02-09 04:43:33', '{\"version_name\":\"DefaultVersion\",\"parameter\":{\"\\/Payment\\/Pay_do\":\"\",\"orderid\":\"123123123123123123\",\"amount\":\"122\",\"memberid\":\"10001\",\"orderdatetime\":\"2020-02-02 12:12:12\",\"paytype\":\"ZFB\",\"signmethod\":\"md5\",\"notifyurl\":\"dsggsadsagas\",\"callbackurl\":\"sdgsadgsadg\",\"sign\":\"sdgsdgssaassg\",\"version_numberstr\":\"1.0.0\"},\"version_parameter\":{\"orderid\":\"123123123123123123\",\"amount\":\"122\",\"memberid\":\"10001\",\"paytype\":\"ZFB\",\"orderdatetime\":\"2020-02-02 12:12:12\",\"signmethod\":\"md5\",\"notifyurl\":\"dsggsadsagas\",\"callbackurl\":\"sdgsadgsadg\",\"sign\":\"sdgsdgssaassg\"},\"msg\":\"用户不存在\",\"status\":\"error\"}', '用户不存在', '127.0.0.1', 0);
INSERT INTO `amn_payment_log` VALUES (126, '2020-02-09 04:43:37', '2020-02-09 04:43:37', '{\"version_name\":\"DefaultVersion\",\"parameter\":{\"\\/Payment\\/Pay_do\":\"\",\"orderid\":\"123123123123123123\",\"amount\":\"122\",\"memberid\":\"10001\",\"orderdatetime\":\"2020-02-02 12:12:12\",\"paytype\":\"ZFB\",\"signmethod\":\"md5\",\"notifyurl\":\"dsggsadsagas\",\"callbackurl\":\"sdgsadgsadg\",\"sign\":\"sdgsdgssaassg\",\"version_numberstr\":\"1.0.0\"},\"version_parameter\":{\"orderid\":\"123123123123123123\",\"amount\":\"122\",\"memberid\":\"10001\",\"paytype\":\"ZFB\",\"orderdatetime\":\"2020-02-02 12:12:12\",\"signmethod\":\"md5\",\"notifyurl\":\"dsggsadsagas\",\"callbackurl\":\"sdgsadgsadg\",\"sign\":\"sdgsdgssaassg\"},\"msg\":\"用户不存在\",\"status\":\"error\"}', '用户不存在', '127.0.0.1', 0);
INSERT INTO `amn_payment_log` VALUES (127, '2020-02-09 04:43:48', '2020-02-09 04:43:48', '{\"version_name\":\"DefaultVersion\",\"parameter\":{\"\\/Payment\\/Pay_do\":\"\",\"orderid\":\"123123123123123123\",\"amount\":\"122\",\"memberid\":\"1001\",\"orderdatetime\":\"2020-02-02 12:12:12\",\"paytype\":\"ZFB\",\"signmethod\":\"md5\",\"notifyurl\":\"dsggsadsagas\",\"callbackurl\":\"sdgsadgsadg\",\"sign\":\"sdgsdgssaassg\",\"version_numberstr\":\"1.0.0\"},\"version_parameter\":{\"orderid\":\"123123123123123123\",\"amount\":\"122\",\"memberid\":\"1001\",\"paytype\":\"ZFB\",\"orderdatetime\":\"2020-02-02 12:12:12\",\"signmethod\":\"md5\",\"notifyurl\":\"dsggsadsagas\",\"callbackurl\":\"sdgsadgsadg\",\"sign\":\"sdgsdgssaassg\"},\"msg\":\"用户不存在\",\"status\":\"error\"}', '用户不存在', '127.0.0.1', 0);
INSERT INTO `amn_payment_log` VALUES (128, '2020-02-09 04:44:16', '2020-02-09 04:44:16', '{\"version_name\":\"DefaultVersion\",\"parameter\":{\"\\/Payment\\/Pay_do\":\"\",\"orderid\":\"123123123123123123\",\"amount\":\"122\",\"memberid\":\"10001\",\"orderdatetime\":\"2020-02-02 12:12:12\",\"paytype\":\"ZFB\",\"signmethod\":\"md5\",\"notifyurl\":\"dsggsadsagas\",\"callbackurl\":\"sdgsadgsadg\",\"sign\":\"sdgsdgssaassg\",\"version_numberstr\":\"1.0.0\"},\"version_parameter\":{\"orderid\":\"123123123123123123\",\"amount\":\"122\",\"memberid\":\"10001\",\"paytype\":\"ZFB\",\"orderdatetime\":\"2020-02-02 12:12:12\",\"signmethod\":\"md5\",\"notifyurl\":\"dsggsadsagas\",\"callbackurl\":\"sdgsadgsadg\",\"sign\":\"sdgsdgssaassg\"},\"msg\":\"用户不存在\",\"status\":\"error\"}', '用户不存在', '127.0.0.1', 0);
INSERT INTO `amn_payment_log` VALUES (129, '2020-02-09 04:46:32', '2020-02-09 04:46:32', '{\"version_name\":\"DefaultVersion\",\"parameter\":{\"\\/Payment\\/Pay_do\":\"\",\"orderid\":\"123123123123123123\",\"amount\":\"122\",\"memberid\":\"10001\",\"orderdatetime\":\"2020-02-02 12:12:12\",\"paytype\":\"ZFB\",\"signmethod\":\"md5\",\"notifyurl\":\"dsggsadsagas\",\"callbackurl\":\"sdgsadgsadg\",\"sign\":\"sdgsdgssaassg\",\"version_numberstr\":\"1.0.0\"},\"version_parameter\":{\"orderid\":\"123123123123123123\",\"amount\":\"122\",\"memberid\":\"10001\",\"paytype\":\"ZFB\",\"orderdatetime\":\"2020-02-02 12:12:12\",\"signmethod\":\"md5\",\"notifyurl\":\"dsggsadsagas\",\"callbackurl\":\"sdgsadgsadg\",\"sign\":\"sdgsdgssaassg\"},\"user_id\":1,\"msg\":\"用户不存在\",\"status\":\"error\"}', '用户不存在', '127.0.0.1', 1);
INSERT INTO `amn_payment_log` VALUES (130, '2020-02-09 04:46:48', '2020-02-09 04:46:48', '{\"version_name\":\"DefaultVersion\",\"parameter\":{\"\\/Payment\\/Pay_do\":\"\",\"orderid\":\"123123123123123123\",\"amount\":\"122\",\"memberid\":\"10001\",\"orderdatetime\":\"2020-02-02 12:12:12\",\"paytype\":\"ZFB\",\"signmethod\":\"md5\",\"notifyurl\":\"dsggsadsagas\",\"callbackurl\":\"sdgsadgsadg\",\"sign\":\"sdgsdgssaassg\",\"version_numberstr\":\"1.0.0\"},\"version_parameter\":{\"orderid\":\"123123123123123123\",\"amount\":\"122\",\"memberid\":\"10001\",\"paytype\":\"ZFB\",\"orderdatetime\":\"2020-02-02 12:12:12\",\"signmethod\":\"md5\",\"notifyurl\":\"dsggsadsagas\",\"callbackurl\":\"sdgsadgsadg\",\"sign\":\"sdgsdgssaassg\"},\"user_id\":1,\"msg\":\"用户不存在\",\"status\":\"error\"}', '用户不存在', '127.0.0.1', 1);
INSERT INTO `amn_payment_log` VALUES (131, '2020-02-09 04:47:19', '2020-02-09 04:47:19', '{\"version_name\":\"DefaultVersion\",\"parameter\":{\"\\/Payment\\/Pay_do\":\"\",\"orderid\":\"123123123123123123\",\"amount\":\"122\",\"memberid\":\"10001\",\"orderdatetime\":\"2020-02-02 12:12:12\",\"paytype\":\"ZFB\",\"signmethod\":\"md5\",\"notifyurl\":\"dsggsadsagas\",\"callbackurl\":\"sdgsadgsadg\",\"sign\":\"sdgsdgssaassg\",\"version_numberstr\":\"1.0.0\"},\"version_parameter\":{\"orderid\":\"123123123123123123\",\"amount\":\"122\",\"memberid\":\"10001\",\"paytype\":\"ZFB\",\"orderdatetime\":\"2020-02-02 12:12:12\",\"signmethod\":\"md5\",\"notifyurl\":\"dsggsadsagas\",\"callbackurl\":\"sdgsadgsadg\",\"sign\":\"sdgsdgssaassg\"},\"user_id\":1,\"msg\":\"通道编码错误 AlipaySm\",\"formatdata\":{\"userid\":1,\"amount\":\"122\",\"orderid\":\"123123123123123123\",\"callbackurl\":\"sdgsadgsadg\",\"notifyurl\":\"dsggsadsagas\",\"order\":\"2020-02-02 12:12:12\",\"bankcode\":\"\",\"tongdao\":\"ZFB\",\"extend\":\"\",\"sign\":\"AC622A2880C043EADB1193962129B4F1D8948BBB\"},\"pc_phone\":\"pc\",\"wx_alipay_wap\":\"\",\"status\":\"error\"}', '通道编码错误 AlipaySm', '127.0.0.1', 1);
INSERT INTO `amn_payment_log` VALUES (132, '2020-02-09 12:14:00', '2020-02-09 12:14:00', '{\"msg\":\"通道编码错误 AlipaySm\",\"ip\":\"127.0.0.1\",\"version_name\":\"DefaultVersion\",\"parameter\":{\"\\/Payment\\/Pay_do\":\"\",\"orderid\":\"123123123123123123\",\"amount\":\"122\",\"memberid\":\"10001\",\"orderdatetime\":\"2020-02-02 12:12:12\",\"paytype\":\"ZFB\",\"signmethod\":\"md5\",\"notifyurl\":\"dsggsadsagas\",\"callbackurl\":\"sdgsadgsadg\",\"sign\":\"sdgsdgssaassg\",\"version_numberstr\":\"1.0.0\"},\"version_parameter\":{\"orderid\":\"123123123123123123\",\"amount\":\"122\",\"memberid\":\"10001\",\"paytype\":\"ZFB\",\"orderdatetime\":\"2020-02-02 12:12:12\",\"signmethod\":\"md5\",\"notifyurl\":\"dsggsadsagas\",\"callbackurl\":\"sdgsadgsadg\",\"sign\":\"sdgsdgssaassg\"},\"other\":{\"user_id\":1,\"pc_phone\":\"pc\",\"wx_alipay_wap\":\"\"},\"formatdata\":{\"userid\":1,\"amount\":\"122\",\"orderid\":\"123123123123123123\",\"callbackurl\":\"sdgsadgsadg\",\"notifyurl\":\"dsggsadsagas\",\"order\":\"2020-02-02 12:12:12\",\"bankcode\":\"\",\"tongdao\":\"ZFB\",\"extend\":\"\",\"sign\":\"AC622A2880C043EADB1193962129B4F1D8948BBB\"},\"status\":\"error\"}', '通道编码错误 AlipaySm', '127.0.0.1', 0);
INSERT INTO `amn_payment_log` VALUES (133, '2020-02-09 12:15:25', '2020-02-09 12:15:25', '{\"msg\":\"通道编码错误 AlipaySm\",\"other\":{\"ip\":\"127.0.0.1\",\"user_id\":1,\"pc_phone\":\"pc\",\"wx_alipay_wap\":\"\"},\"version_name\":\"DefaultVersion\",\"parameter\":{\"\\/Payment\\/Pay_do\":\"\",\"orderid\":\"123123123123123123\",\"amount\":\"122\",\"memberid\":\"10001\",\"orderdatetime\":\"2020-02-02 12:12:12\",\"paytype\":\"ZFB\",\"signmethod\":\"md5\",\"notifyurl\":\"dsggsadsagas\",\"callbackurl\":\"sdgsadgsadg\",\"sign\":\"sdgsdgssaassg\",\"version_numberstr\":\"1.0.0\"},\"version_parameter\":{\"orderid\":\"123123123123123123\",\"amount\":\"122\",\"memberid\":\"10001\",\"paytype\":\"ZFB\",\"orderdatetime\":\"2020-02-02 12:12:12\",\"signmethod\":\"md5\",\"notifyurl\":\"dsggsadsagas\",\"callbackurl\":\"sdgsadgsadg\",\"sign\":\"sdgsdgssaassg\"},\"formatdata\":{\"userid\":1,\"amount\":\"122\",\"orderid\":\"123123123123123123\",\"callbackurl\":\"sdgsadgsadg\",\"notifyurl\":\"dsggsadsagas\",\"order\":\"2020-02-02 12:12:12\",\"bankcode\":\"\",\"tongdao\":\"ZFB\",\"extend\":\"\",\"sign\":\"AC622A2880C043EADB1193962129B4F1D8948BBB\"},\"status\":\"error\"}', '通道编码错误 AlipaySm', '127.0.0.1', 0);
INSERT INTO `amn_payment_log` VALUES (134, '2020-02-09 12:17:32', '2020-02-09 12:17:32', '{\"msg\":\"通道编码错误 AlipaySm\",\"other\":{\"ip\":\"127.0.0.1\",\"user_id\":1,\"pc_phone\":\"pc\",\"wx_alipay_wap\":\"\"},\"version_name\":\"DefaultVersion\",\"parameter\":{\"\\/Payment\\/Pay_do\":\"\",\"orderid\":\"123123123123123123\",\"amount\":\"122\",\"memberid\":\"10001\",\"orderdatetime\":\"2020-02-02 12:12:12\",\"paytype\":\"ZFB\",\"signmethod\":\"md5\",\"notifyurl\":\"dsggsadsagas\",\"callbackurl\":\"sdgsadgsadg\",\"sign\":\"sdgsdgssaassg\",\"version_numberstr\":\"1.0.0\"},\"version_parameter\":{\"orderid\":\"123123123123123123\",\"amount\":\"122\",\"memberid\":\"10001\",\"paytype\":\"ZFB\",\"orderdatetime\":\"2020-02-02 12:12:12\",\"signmethod\":\"md5\",\"notifyurl\":\"dsggsadsagas\",\"callbackurl\":\"sdgsadgsadg\",\"sign\":\"sdgsdgssaassg\"},\"formatdata\":{\"userid\":1,\"amount\":\"122\",\"orderid\":\"123123123123123123\",\"callbackurl\":\"sdgsadgsadg\",\"notifyurl\":\"dsggsadsagas\",\"order\":\"2020-02-02 12:12:12\",\"bankcode\":\"\",\"tongdao\":\"ZFB\",\"extend\":\"\",\"sign\":\"AC622A2880C043EADB1193962129B4F1D8948BBB\"},\"status\":\"error\"}', '通道编码错误 AlipaySm', '127.0.0.1', 0);
INSERT INTO `amn_payment_log` VALUES (135, '2020-02-09 12:23:57', '2020-02-09 12:23:57', '{\"msg\":\"您的IP[127.0.0.1]已被禁用或不在可用IP范围内\",\"other\":{\"ip\":\"127.0.0.1\",\"domain\":\"sdgsga\"},\"status\":\"error\"}', '您的IP[127.0.0.1]已被禁用或不在可用IP范围内', '127.0.0.1', 0);
INSERT INTO `amn_payment_log` VALUES (136, '2020-02-09 12:25:02', '2020-02-09 12:25:02', '{\"msg\":\"\",\"other\":{\"ip\":\"127.0.0.1\",\"domain\":\"sdgsga\"},\"status\":\"error\"}', '', '127.0.0.1', 0);
INSERT INTO `amn_payment_log` VALUES (137, '2020-02-09 12:25:16', '2020-02-09 12:25:16', '{\"msg\":\"通道编码错误 AlipaySm\",\"other\":{\"ip\":\"127.0.0.1\",\"domain\":\"sdgsga\",\"user_id\":1,\"pc_phone\":\"pc\",\"wx_alipay_wap\":\"\"},\"version_name\":\"DefaultVersion\",\"parameter\":{\"\\/Payment\\/Pay_do\":\"\",\"orderid\":\"123123123123123123\",\"amount\":\"122\",\"memberid\":\"10001\",\"orderdatetime\":\"2020-02-02 12:12:12\",\"paytype\":\"ZFB\",\"signmethod\":\"md5\",\"notifyurl\":\"dsggsadsagas\",\"callbackurl\":\"sdgsadgsadg\",\"sign\":\"sdgsdgssaassg\",\"version_numberstr\":\"1.0.0\"},\"version_parameter\":{\"orderid\":\"123123123123123123\",\"amount\":\"122\",\"memberid\":\"10001\",\"paytype\":\"ZFB\",\"orderdatetime\":\"2020-02-02 12:12:12\",\"signmethod\":\"md5\",\"notifyurl\":\"dsggsadsagas\",\"callbackurl\":\"sdgsadgsadg\",\"sign\":\"sdgsdgssaassg\"},\"formatdata\":{\"userid\":1,\"amount\":\"122\",\"orderid\":\"123123123123123123\",\"callbackurl\":\"sdgsadgsadg\",\"notifyurl\":\"dsggsadsagas\",\"order\":\"2020-02-02 12:12:12\",\"bankcode\":\"\",\"tongdao\":\"ZFB\",\"extend\":\"\",\"sign\":\"AC622A2880C043EADB1193962129B4F1D8948BBB\"},\"status\":\"error\"}', '通道编码错误 AlipaySm', '127.0.0.1', 0);
INSERT INTO `amn_payment_log` VALUES (138, '2020-02-09 12:32:07', '2020-02-09 12:32:07', '{\"msg\":\"通道编码错误 AlipaySm\",\"other\":{\"ip\":\"127.0.0.1\",\"domain\":\"sdgsga\",\"user_id\":1,\"pc_phone\":\"pc\",\"wx_alipay_wap\":\"\"},\"version_name\":\"DefaultVersion\",\"parameter\":{\"\\/Payment\\/Pay_do\":\"\",\"orderid\":\"123123123123123123\",\"amount\":\"122\",\"memberid\":\"10001\",\"orderdatetime\":\"2020-02-02 12:12:12\",\"paytype\":\"ZFB\",\"signmethod\":\"md5\",\"notifyurl\":\"dsggsadsagas\",\"callbackurl\":\"sdgsadgsadg\",\"sign\":\"sdgsdgssaassg\",\"version_numberstr\":\"1.0.0\"},\"version_parameter\":{\"orderid\":\"123123123123123123\",\"amount\":\"122\",\"memberid\":\"10001\",\"paytype\":\"ZFB\",\"orderdatetime\":\"2020-02-02 12:12:12\",\"signmethod\":\"md5\",\"notifyurl\":\"dsggsadsagas\",\"callbackurl\":\"sdgsadgsadg\",\"sign\":\"sdgsdgssaassg\"},\"formatdata\":{\"userid\":1,\"amount\":\"122\",\"orderid\":\"123123123123123123\",\"callbackurl\":\"sdgsadgsadg\",\"notifyurl\":\"dsggsadsagas\",\"order\":\"2020-02-02 12:12:12\",\"bankcode\":\"\",\"tongdao\":\"ZFB\",\"extend\":\"\",\"sign\":\"AC622A2880C043EADB1193962129B4F1D8948BBB\"},\"status\":\"error\"}', '通道编码错误 AlipaySm', '127.0.0.1', 0);
INSERT INTO `amn_payment_log` VALUES (139, '2020-02-09 12:32:44', '2020-02-09 12:32:44', '{\"msg\":\"通道编码错误 AlipaySm\",\"other\":{\"ip\":\"127.0.0.1\",\"domain\":\"sdgsga\",\"user_id\":1,\"pc_phone\":\"pc\",\"wx_alipay_wap\":\"\"},\"version_name\":\"DefaultVersion\",\"parameter\":{\"\\/Payment\\/Pay_do\":\"\",\"orderid\":\"123123123123123123\",\"amount\":\"122\",\"memberid\":\"10001\",\"orderdatetime\":\"2020-02-02 12:12:12\",\"paytype\":\"ZFB\",\"signmethod\":\"md5\",\"notifyurl\":\"dsggsadsagas\",\"callbackurl\":\"sdgsadgsadg\",\"sign\":\"sdgsdgssaassg\",\"version_numberstr\":\"1.0.0\"},\"version_parameter\":{\"orderid\":\"123123123123123123\",\"amount\":\"122\",\"memberid\":\"10001\",\"paytype\":\"ZFB\",\"orderdatetime\":\"2020-02-02 12:12:12\",\"signmethod\":\"md5\",\"notifyurl\":\"dsggsadsagas\",\"callbackurl\":\"sdgsadgsadg\",\"sign\":\"sdgsdgssaassg\"},\"formatdata\":{\"userid\":1,\"amount\":\"122\",\"orderid\":\"123123123123123123\",\"callbackurl\":\"sdgsadgsadg\",\"notifyurl\":\"dsggsadsagas\",\"order\":\"2020-02-02 12:12:12\",\"bankcode\":\"\",\"tongdao\":\"ZFB\",\"extend\":\"\",\"sign\":\"AC622A2880C043EADB1193962129B4F1D8948BBB\"},\"status\":\"error\"}', '通道编码错误 AlipaySm', '127.0.0.1', 0);
INSERT INTO `amn_payment_log` VALUES (140, '2020-02-09 12:53:00', '2020-02-09 12:53:00', '{\"msg\":\"通道编码错误 AlipaySm\",\"other\":{\"ip\":\"127.0.0.1\",\"user_id\":1,\"pc_phone\":\"pc\",\"wx_alipay_wap\":\"\"},\"version_name\":\"DefaultVersion\",\"parameter\":{\"\\/Payment\\/Pay_do\":\"\",\"orderid\":\"123123123123123123\",\"amount\":\"122\",\"memberid\":\"10001\",\"orderdatetime\":\"2020-02-02 12:12:12\",\"paytype\":\"ZFB\",\"signmethod\":\"md5\",\"notifyurl\":\"dsggsadsagas\",\"callbackurl\":\"sdgsadgsadg\",\"sign\":\"sdgsdgssaassg\",\"version_numberstr\":\"1.0.0\"},\"version_parameter\":{\"orderid\":\"123123123123123123\",\"amount\":\"122\",\"memberid\":\"10001\",\"paytype\":\"ZFB\",\"orderdatetime\":\"2020-02-02 12:12:12\",\"signmethod\":\"md5\",\"notifyurl\":\"dsggsadsagas\",\"callbackurl\":\"sdgsadgsadg\",\"sign\":\"sdgsdgssaassg\"},\"formatdata\":{\"userid\":1,\"amount\":\"122\",\"orderid\":\"123123123123123123\",\"callbackurl\":\"sdgsadgsadg\",\"notifyurl\":\"dsggsadsagas\",\"order\":\"2020-02-02 12:12:12\",\"bankcode\":\"\",\"tongdao\":\"ZFB\",\"extend\":\"\",\"sign\":\"AC622A2880C043EADB1193962129B4F1D8948BBB\"},\"status\":\"error\"}', '通道编码错误 AlipaySm', '127.0.0.1', 0);
INSERT INTO `amn_payment_log` VALUES (141, '2020-02-09 13:15:05', '2020-02-09 13:15:05', '{\"msg\":\"交易订单号不能为空\",\"other\":{\"ip\":\"127.0.0.1\",\"version_name\":\"DefaultVersion\",\"user_id\":1},\"parameter\":{\"\\/Payment\\/Pay_do\":\"\",\"orderid\":\"123123123123123123\",\"amount\":\"122\",\"memberid\":\"10001\",\"orderdatetime\":\"2020-02-02 12:12:12\",\"paytype\":\"ZFB\",\"signmethod\":\"md5\",\"notifyurl\":\"dsggsadsagas\",\"callbackurl\":\"sdgsadgsadg\",\"sign\":\"sdgsdgssaassg\",\"version_numberstr\":\"1.0.0\"},\"version_parameter\":{\"orderid\":\"123123123123123123\",\"amount\":\"122\",\"memberid\":\"10001\",\"paytype\":\"ZFB\",\"orderdatetime\":\"2020-02-02 12:12:12\",\"signmethod\":\"md5\",\"notifyurl\":\"dsggsadsagas\",\"callbackurl\":\"sdgsadgsadg\",\"sign\":\"sdgsdgssaassg\"},\"status\":\"error\"}', '交易订单号不能为空', '127.0.0.1', 1);
INSERT INTO `amn_payment_log` VALUES (142, '2020-02-09 13:24:41', '2020-02-09 13:24:41', '{\"msg\":\"交易订单号不能为空\",\"other\":{\"ip\":\"127.0.0.1\",\"version_name\":\"DefaultVersion\",\"user_id\":1},\"parameter\":{\"\\/Payment\\/Pay_do\":\"\",\"orderid\":\"123123123123123123\",\"amount\":\"122\",\"memberid\":\"10001\",\"orderdatetime\":\"2020-02-02 12:12:12\",\"paytype\":\"ZFB\",\"signmethod\":\"md5\",\"notifyurl\":\"dsggsadsagas\",\"callbackurl\":\"sdgsadgsadg\",\"sign\":\"sdgsdgssaassg\",\"version_numberstr\":\"1.0.0\"},\"version_parameter\":{\"orderid\":\"123123123123123123\",\"amount\":\"122\",\"memberid\":\"10001\",\"paytype\":\"ZFB\",\"orderdatetime\":\"2020-02-02 12:12:12\",\"signmethod\":\"md5\",\"notifyurl\":\"dsggsadsagas\",\"callbackurl\":\"sdgsadgsadg\",\"sign\":\"sdgsdgssaassg\"},\"status\":\"error\"}', '交易订单号不能为空', '127.0.0.1', 1);
INSERT INTO `amn_payment_log` VALUES (143, '2020-02-09 13:25:58', '2020-02-09 13:25:58', '{\"msg\":\"交易订单号不能为空\",\"other\":{\"ip\":\"127.0.0.1\",\"version_name\":\"DefaultVersion\",\"user_id\":1},\"parameter\":{\"\\/Payment\\/Pay_do\":\"\",\"orderid\":\"123123123123123123\",\"amount\":\"122\",\"memberid\":\"10001\",\"orderdatetime\":\"2020-02-02 12:12:12\",\"paytype\":\"ZFB\",\"signmethod\":\"md5\",\"notifyurl\":\"dsggsadsagas\",\"callbackurl\":\"sdgsadgsadg\",\"sign\":\"sdgsdgssaassg\",\"version_numberstr\":\"1.0.0\"},\"version_parameter\":{\"orderid\":\"123123123123123123\",\"amount\":\"122\",\"memberid\":\"10001\",\"paytype\":\"ZFB\",\"orderdatetime\":\"2020-02-02 12:12:12\",\"signmethod\":\"md5\",\"notifyurl\":\"dsggsadsagas\",\"callbackurl\":\"sdgsadgsadg\",\"sign\":\"sdgsdgssaassg\"},\"status\":\"error\"}', '交易订单号不能为空', '127.0.0.1', 1);
INSERT INTO `amn_payment_log` VALUES (144, '2020-02-09 13:27:39', '2020-02-09 13:27:39', '{\"msg\":\"交易订单号不能为空\",\"other\":{\"ip\":\"127.0.0.1\",\"version_name\":\"DefaultVersion\",\"user_id\":1},\"parameter\":{\"\\/Payment\\/Pay_do\":\"\",\"orderid\":\"123123123123123123\",\"amount\":\"122\",\"memberid\":\"10001\",\"orderdatetime\":\"2020-02-02 12:12:12\",\"paytype\":\"ZFB\",\"signmethod\":\"md5\",\"notifyurl\":\"dsggsadsagas\",\"callbackurl\":\"sdgsadgsadg\",\"sign\":\"sdgsdgssaassg\",\"version_numberstr\":\"1.0.0\"},\"version_parameter\":{\"orderid\":\"123123123123123123\",\"amount\":\"122\",\"memberid\":\"10001\",\"paytype\":\"ZFB\",\"orderdatetime\":\"2020-02-02 12:12:12\",\"signmethod\":\"md5\",\"notifyurl\":\"dsggsadsagas\",\"callbackurl\":\"sdgsadgsadg\",\"sign\":\"sdgsdgssaassg\"},\"status\":\"error\"}', '交易订单号不能为空', '127.0.0.1', 1);
INSERT INTO `amn_payment_log` VALUES (145, '2020-02-09 13:29:05', '2020-02-09 13:29:05', '{\"msg\":\"交易订单号不能为空\",\"other\":{\"ip\":\"127.0.0.1\",\"version_name\":\"DefaultVersion\",\"user_id\":1},\"parameter\":{\"\\/Payment\\/Pay_do\":\"\",\"orderid\":\"123123123123123123\",\"amount\":\"122\",\"memberid\":\"10001\",\"orderdatetime\":\"2020-02-02 12:12:12\",\"paytype\":\"ZFB\",\"signmethod\":\"md5\",\"notifyurl\":\"dsggsadsagas\",\"callbackurl\":\"sdgsadgsadg\",\"sign\":\"sdgsdgssaassg\",\"version_numberstr\":\"1.0.0\"},\"version_parameter\":{\"orderid\":\"123123123123123123\",\"amount\":\"122\",\"memberid\":\"10001\",\"paytype\":\"ZFB\",\"orderdatetime\":\"2020-02-02 12:12:12\",\"signmethod\":\"md5\",\"notifyurl\":\"dsggsadsagas\",\"callbackurl\":\"sdgsadgsadg\",\"sign\":\"sdgsdgssaassg\"},\"status\":\"error\"}', '交易订单号不能为空', '127.0.0.1', 1);
INSERT INTO `amn_payment_log` VALUES (146, '2020-02-09 13:32:18', '2020-02-09 13:32:18', '{\"msg\":\"交易订单号不能为空\",\"other\":{\"ip\":\"127.0.0.1\",\"version_name\":\"DefaultVersion\",\"user_id\":1},\"parameter\":{\"\\/Payment\\/Pay_do\":\"\",\"orderid\":\"123123123123123123\",\"amount\":\"122\",\"memberid\":\"10001\",\"orderdatetime\":\"2020-02-02 12:12:12\",\"paytype\":\"ZFB\",\"signmethod\":\"md5\",\"notifyurl\":\"dsggsadsagas\",\"callbackurl\":\"sdgsadgsadg\",\"sign\":\"sdgsdgssaassg\",\"version_numberstr\":\"1.0.0\"},\"version_parameter\":{\"orderid\":\"123123123123123123\",\"amount\":\"122\",\"memberid\":\"10001\",\"paytype\":\"ZFB\",\"orderdatetime\":\"2020-02-02 12:12:12\",\"signmethod\":\"md5\",\"notifyurl\":\"dsggsadsagas\",\"callbackurl\":\"sdgsadgsadg\",\"sign\":\"sdgsdgssaassg\"},\"status\":\"error\"}', '交易订单号不能为空', '127.0.0.1', 1);
INSERT INTO `amn_payment_log` VALUES (147, '2020-02-09 13:32:37', '2020-02-09 13:32:37', '{\"msg\":\"交易订单号不能为空\",\"other\":{\"ip\":\"127.0.0.1\",\"version_name\":\"DefaultVersion\",\"user_id\":1},\"parameter\":{\"\\/Payment\\/Pay_do\":\"\",\"orderid\":\"123123123123123123\",\"amount\":\"122\",\"memberid\":\"10001\",\"orderdatetime\":\"2020-02-02 12:12:12\",\"paytype\":\"ZFB\",\"signmethod\":\"md5\",\"notifyurl\":\"dsggsadsagas\",\"callbackurl\":\"sdgsadgsadg\",\"sign\":\"sdgsdgssaassg\",\"version_numberstr\":\"1.0.0\"},\"version_parameter\":{\"orderid\":\"123123123123123123\",\"amount\":\"122\",\"memberid\":\"10001\",\"paytype\":\"ZFB\",\"orderdatetime\":\"2020-02-02 12:12:12\",\"signmethod\":\"md5\",\"notifyurl\":\"dsggsadsagas\",\"callbackurl\":\"sdgsadgsadg\",\"sign\":\"sdgsdgssaassg\"},\"status\":\"error\"}', '交易订单号不能为空', '127.0.0.1', 1);
INSERT INTO `amn_payment_log` VALUES (148, '2020-02-09 13:38:26', '2020-02-09 13:38:26', '{\"msg\":\"交易订单号不能为空\",\"other\":{\"ip\":\"127.0.0.1\",\"version_name\":\"DefaultVersion\",\"user_id\":1},\"parameter\":{\"\\/Payment\\/Pay_do\":\"\",\"orderid\":\"123123123123123123\",\"amount\":\"122\",\"memberid\":\"10001\",\"orderdatetime\":\"2020-02-02 12:12:12\",\"paytype\":\"ZFB\",\"signmethod\":\"md5\",\"notifyurl\":\"dsggsadsagas\",\"callbackurl\":\"sdgsadgsadg\",\"sign\":\"sdgsdgssaassg\",\"version_numberstr\":\"1.0.0\"},\"version_parameter\":{\"orderid\":\"123123123123123123\",\"amount\":\"122\",\"memberid\":\"10001\",\"paytype\":\"ZFB\",\"orderdatetime\":\"2020-02-02 12:12:12\",\"signmethod\":\"md5\",\"notifyurl\":\"dsggsadsagas\",\"callbackurl\":\"sdgsadgsadg\",\"sign\":\"sdgsdgssaassg\"},\"status\":\"error\"}', '交易订单号不能为空', '127.0.0.1', 1);
INSERT INTO `amn_payment_log` VALUES (149, '2020-02-09 13:39:40', '2020-02-09 13:39:40', '{\"msg\":\"交易订单号不能为空\",\"other\":{\"ip\":\"127.0.0.1\",\"version_name\":\"DefaultVersion\",\"user_id\":1},\"parameter\":{\"\\/Payment\\/Pay_do\":\"\",\"orderid\":\"123123123123123123\",\"amount\":\"122\",\"memberid\":\"10001\",\"orderdatetime\":\"2020-02-02 12:12:12\",\"paytype\":\"ZFB\",\"signmethod\":\"md5\",\"notifyurl\":\"dsggsadsagas\",\"callbackurl\":\"sdgsadgsadg\",\"sign\":\"sdgsdgssaassg\",\"version_numberstr\":\"1.0.0\"},\"version_parameter\":{\"orderid\":\"123123123123123123\",\"amount\":\"122\",\"memberid\":\"10001\",\"paytype\":\"ZFB\",\"orderdatetime\":\"2020-02-02 12:12:12\",\"signmethod\":\"md5\",\"notifyurl\":\"dsggsadsagas\",\"callbackurl\":\"sdgsadgsadg\",\"sign\":\"sdgsdgssaassg\"},\"status\":\"error\"}', '交易订单号不能为空', '127.0.0.1', 1);
INSERT INTO `amn_payment_log` VALUES (150, '2020-02-09 13:40:17', '2020-02-09 13:40:17', '{\"msg\":\"交易订单号不能为空\",\"other\":{\"ip\":\"127.0.0.1\",\"version_name\":\"DefaultVersion\",\"user_id\":1},\"parameter\":{\"\\/Payment\\/Pay_do\":\"\",\"orderid\":\"123123123123123123\",\"amount\":\"122\",\"memberid\":\"10001\",\"orderdatetime\":\"2020-02-02 12:12:12\",\"paytype\":\"ZFB\",\"signmethod\":\"md5\",\"notifyurl\":\"dsggsadsagas\",\"callbackurl\":\"sdgsadgsadg\",\"sign\":\"sdgsdgssaassg\",\"version_numberstr\":\"1.0.0\"},\"version_parameter\":{\"orderid\":\"123123123123123123\",\"amount\":\"122\",\"memberid\":\"10001\",\"paytype\":\"ZFB\",\"orderdatetime\":\"2020-02-02 12:12:12\",\"signmethod\":\"md5\",\"notifyurl\":\"dsggsadsagas\",\"callbackurl\":\"sdgsadgsadg\",\"sign\":\"sdgsdgssaassg\"},\"status\":\"error\"}', '交易订单号不能为空', '127.0.0.1', 1);
INSERT INTO `amn_payment_log` VALUES (151, '2020-02-09 13:40:46', '2020-02-09 13:40:46', '{\"msg\":\"参数 version_name 错误\",\"other\":{\"ip\":\"127.0.0.1\",\"version_name\":\"DefaultVersion\"},\"status\":\"error\"}', '参数 version_name 错误', '127.0.0.1', 0);
INSERT INTO `amn_payment_log` VALUES (152, '2020-02-09 13:42:17', '2020-02-09 13:42:17', '{\"msg\":\"参数 version_name 错误\",\"other\":{\"ip\":\"127.0.0.1\",\"version_name\":\"DefaultVersion\"},\"status\":\"error\"}', '参数 version_name 错误', '127.0.0.1', 0);
INSERT INTO `amn_payment_log` VALUES (153, '2020-02-09 13:44:10', '2020-02-09 13:44:10', '{\"msg\":\"\",\"other\":{\"ip\":\"127.0.0.1\",\"version_name\":\"DefaultVersion\",\"user_id\":1},\"parameter\":{\"\\/Payment\\/Pay_do\":\"\",\"orderid\":\"123123123123123123\",\"amount\":\"122\",\"memberid\":\"10001\",\"orderdatetime\":\"2020-02-02 12:12:12\",\"paytype\":\"ZFB\",\"signmethod\":\"md5\",\"notifyurl\":\"dsggsadsagas\",\"callbackurl\":\"sdgsadgsadg\",\"sign\":\"sdgsdgssaassg\",\"version_numberstr\":\"1.0.0\"},\"version_parameter\":{\"orderid\":\"123123123123123123\",\"amount\":\"122\",\"memberid\":\"10001\",\"paytype\":\"ZFB\",\"orderdatetime\":\"2020-02-02 12:12:12\",\"signmethod\":\"md5\",\"notifyurl\":\"dsggsadsagas\",\"callbackurl\":\"sdgsadgsadg\",\"sign\":\"sdgsdgssaassg\"},\"status\":\"error\"}', '', '127.0.0.1', 1);
INSERT INTO `amn_payment_log` VALUES (154, '2020-02-09 13:48:27', '2020-02-09 13:48:27', '{\"msg\":\"订单号最短6个字符，最长32个字符，订单号只能由数字和大小写字母组成，不能包含 下划线\",\"other\":{\"ip\":\"127.0.0.1\",\"version_name\":\"DefaultVersion\",\"user_id\":1},\"parameter\":{\"\\/Payment\\/Pay_do\":\"\",\"orderid\":\"123123123123123123\",\"amount\":\"122\",\"memberid\":\"10001\",\"orderdatetime\":\"2020-02-02 12:12:12\",\"paytype\":\"ZFB\",\"signmethod\":\"md5\",\"notifyurl\":\"dsggsadsagas\",\"callbackurl\":\"sdgsadgsadg\",\"sign\":\"sdgsdgssaassg\",\"version_numberstr\":\"1.0.0\"},\"version_parameter\":{\"orderid\":\"123123123123123123\",\"amount\":\"122\",\"memberid\":\"10001\",\"paytype\":\"ZFB\",\"orderdatetime\":\"2020-02-02 12:12:12\",\"signmethod\":\"md5\",\"notifyurl\":\"dsggsadsagas\",\"callbackurl\":\"sdgsadgsadg\",\"sign\":\"sdgsdgssaassg\"},\"status\":\"error\"}', '订单号最短6个字符，最长32个字符，订单号只能由数字和大小写字母组成，不能包含 下划线', '127.0.0.1', 1);
INSERT INTO `amn_payment_log` VALUES (155, '2020-02-09 14:04:09', '2020-02-09 14:04:09', '{\"msg\":\"通道编码错误 AlipaySm\",\"other\":{\"ip\":\"127.0.0.1\",\"version_name\":\"DefaultVersion\",\"user_id\":1,\"pc_phone\":\"pc\",\"wx_alipay_wap\":\"\"},\"parameter\":{\"\\/Payment\\/Pay_do\":\"\",\"orderid\":\"123123123123123123\",\"amount\":\"122\",\"memberid\":\"10001\",\"orderdatetime\":\"2020-02-02 12:12:12\",\"paytype\":\"ZFB\",\"signmethod\":\"md5\",\"notifyurl\":\"dsggsadsagas\",\"callbackurl\":\"sdgsadgsadg\",\"sign\":\"sdgsdgssaassg\",\"version_numberstr\":\"1.0.0\"},\"version_parameter\":{\"orderid\":\"123123123123123123\",\"amount\":\"122\",\"memberid\":\"10001\",\"paytype\":\"ZFB\",\"orderdatetime\":\"2020-02-02 12:12:12\",\"signmethod\":\"md5\",\"notifyurl\":\"dsggsadsagas\",\"callbackurl\":\"sdgsadgsadg\",\"sign\":\"sdgsdgssaassg\"},\"formatdata\":{\"userid\":1,\"amount\":\"122\",\"orderid\":\"123123123123123123\",\"callbackurl\":\"sdgsadgsadg\",\"notifyurl\":\"dsggsadsagas\",\"order\":\"2020-02-02 12:12:12\",\"bankcode\":\"\",\"tongdao\":\"ZFB\",\"extend\":\"\",\"sign\":\"AC622A2880C043EADB1193962129B4F1D8948BBB\"},\"status\":\"error\"}', '通道编码错误 AlipaySm', '127.0.0.1', 1);
INSERT INTO `amn_payment_log` VALUES (156, '2020-02-09 14:08:43', '2020-02-09 14:08:43', '{\"msg\":\"通道编码错误 AlipaySm\",\"other\":{\"ip\":\"127.0.0.1\",\"version_name\":\"DefaultVersion\",\"user_id\":1,\"pc_phone\":\"pc\",\"wx_alipay_wap\":\"\"},\"parameter\":{\"\\/Payment\\/Pay_do\":\"\",\"orderid\":\"123123123123123123\",\"amount\":\"122\",\"memberid\":\"10001\",\"orderdatetime\":\"2020-02-02 12:12:12\",\"paytype\":\"ZFB\",\"signmethod\":\"md5\",\"notifyurl\":\"dsggsadsagas\",\"callbackurl\":\"sdgsadgsadg\",\"sign\":\"sdgsdgssaassg\",\"version_numberstr\":\"1.0.0\"},\"version_parameter\":{\"orderid\":\"123123123123123123\",\"amount\":\"122\",\"memberid\":\"10001\",\"paytype\":\"ZFB\",\"orderdatetime\":\"2020-02-02 12:12:12\",\"signmethod\":\"md5\",\"notifyurl\":\"dsggsadsagas\",\"callbackurl\":\"sdgsadgsadg\",\"sign\":\"sdgsdgssaassg\"},\"formatdata\":{\"userid\":1,\"amount\":\"122\",\"orderid\":\"123123123123123123\",\"callbackurl\":\"sdgsadgsadg\",\"notifyurl\":\"dsggsadsagas\",\"order\":\"2020-02-02 12:12:12\",\"bankcode\":\"\",\"tongdao\":\"ZFB\",\"extend\":\"\",\"sign\":\"AC622A2880C043EADB1193962129B4F1D8948BBB\"},\"status\":\"error\"}', '通道编码错误 AlipaySm', '127.0.0.1', 1);
INSERT INTO `amn_payment_log` VALUES (157, '2020-02-09 15:50:12', '2020-02-09 15:50:12', '{\"msg\":\"通道编码错误 AlipaySm\",\"other\":{\"ip\":\"127.0.0.1\",\"version_name\":\"DefaultVersion\",\"user_id\":1,\"pc_phone\":\"pc\",\"wx_alipay_wap\":\"\"},\"parameter\":{\"\\/Payment\\/Pay_do\":\"\",\"orderid\":\"123123123123123123\",\"amount\":\"122\",\"memberid\":\"10001\",\"orderdatetime\":\"2020-02-02 12:12:12\",\"paytype\":\"ZFB\",\"signmethod\":\"md5\",\"notifyurl\":\"dsggsadsagas\",\"callbackurl\":\"sdgsadgsadg\",\"sign\":\"sdgsdgssaassg\",\"version_numberstr\":\"1.0.0\"},\"version_parameter\":{\"orderid\":\"123123123123123123\",\"amount\":\"122\",\"memberid\":\"10001\",\"paytype\":\"ZFB\",\"orderdatetime\":\"2020-02-02 12:12:12\",\"signmethod\":\"md5\",\"notifyurl\":\"dsggsadsagas\",\"callbackurl\":\"sdgsadgsadg\",\"sign\":\"sdgsdgssaassg\"},\"formatdata\":{\"userid\":1,\"amount\":\"122\",\"orderid\":\"123123123123123123\",\"callbackurl\":\"sdgsadgsadg\",\"notifyurl\":\"dsggsadsagas\",\"order\":\"2020-02-02 12:12:12\",\"bankcode\":\"\",\"tongdao\":\"ZFB\",\"extend\":\"\",\"sign\":\"AC622A2880C043EADB1193962129B4F1D8948BBB\"},\"status\":\"success\"}', '通道编码错误 AlipaySm', '127.0.0.1', 1);
INSERT INTO `amn_payment_log` VALUES (158, '2020-02-09 16:04:00', '2020-02-09 16:04:00', '{\"msg\":\"通道编码错误 AlipaySm\",\"other\":{\"ip\":\"127.0.0.1\",\"version_name\":\"DefaultVersion\",\"user_id\":1,\"pc_phone\":\"pc\",\"wx_alipay_wap\":\"\"},\"parameter\":{\"\\/Payment\\/Pay_do\":\"\",\"orderid\":\"123123123123123123\",\"amount\":\"122\",\"memberid\":\"10001\",\"orderdatetime\":\"2020-02-02 12:12:12\",\"paytype\":\"ZFB\",\"signmethod\":\"md5\",\"notifyurl\":\"dsggsadsagas\",\"callbackurl\":\"sdgsadgsadg\",\"sign\":\"sdgsdgssaassg\",\"version_numberstr\":\"1.0.0\"},\"version_parameter\":{\"orderid\":\"123123123123123123\",\"amount\":\"122\",\"memberid\":\"10001\",\"paytype\":\"ZFB\",\"orderdatetime\":\"2020-02-02 12:12:12\",\"signmethod\":\"md5\",\"notifyurl\":\"dsggsadsagas\",\"callbackurl\":\"sdgsadgsadg\",\"sign\":\"sdgsdgssaassg\"},\"formatdata\":{\"userid\":1,\"amount\":\"122\",\"orderid\":\"123123123123123123\",\"callbackurl\":\"sdgsadgsadg\",\"notifyurl\":\"dsggsadsagas\",\"order\":\"2020-02-02 12:12:12\",\"bankcode\":\"\",\"tongdao\":\"ZFB\",\"extend\":\"\",\"sign\":\"AC622A2880C043EADB1193962129B4F1D8948BBB\"},\"status\":\"success\"}', '通道编码错误 AlipaySm', '127.0.0.1', 1);
INSERT INTO `amn_payment_log` VALUES (159, '2020-02-18 01:03:39', '2020-02-18 01:03:39', '{\"msg\":\"通道编码错误 AlipaySm\",\"other\":{\"ip\":\"127.0.0.1\",\"version_name\":\"DefaultVersion\",\"user_id\":1,\"pc_phone\":\"pc\",\"wx_alipay_wap\":\"\"},\"parameter\":{\"\\/Payment\\/Pay_do\":\"\",\"orderid\":\"123123123123123123\",\"amount\":\"122\",\"memberid\":\"10001\",\"orderdatetime\":\"2020-02-02 12:12:12\",\"paytype\":\"ZFB\",\"signmethod\":\"md5\",\"notifyurl\":\"dsggsadsagas\",\"callbackurl\":\"sdgsadgsadg\",\"sign\":\"sdgsdgssaassg\",\"version_numberstr\":\"1.0.0\"},\"version_parameter\":{\"orderid\":\"123123123123123123\",\"amount\":\"122\",\"memberid\":\"10001\",\"paytype\":\"ZFB\",\"orderdatetime\":\"2020-02-02 12:12:12\",\"signmethod\":\"md5\",\"notifyurl\":\"dsggsadsagas\",\"callbackurl\":\"sdgsadgsadg\",\"sign\":\"sdgsdgssaassg\"},\"formatdata\":{\"userid\":1,\"amount\":\"122\",\"orderid\":\"123123123123123123\",\"callbackurl\":\"sdgsadgsadg\",\"notifyurl\":\"dsggsadsagas\",\"order\":\"2020-02-02 12:12:12\",\"bankcode\":\"\",\"tongdao\":\"ZFB\",\"extend\":\"\",\"sign\":\"AC622A2880C043EADB1193962129B4F1D8948BBB\"},\"status\":\"success\"}', '通道编码错误 AlipaySm', '127.0.0.1', 1);
INSERT INTO `amn_payment_log` VALUES (160, '2020-10-15 02:18:22', '2020-10-15 02:18:22', '[\"{\\\"parament\\\":[],\\\"msg\\\":\\\"\\\\u7f3a\\\\u5c11version\\\\u53c2\\\\u6570\\\"}\"]', '缺少version参数', '127.0.0.1', 0);
INSERT INTO `amn_payment_log` VALUES (161, '2020-10-15 02:18:52', '2020-10-15 02:18:52', '[\"{\\\"parament\\\":[],\\\"msg\\\":\\\"\\\\u7f3a\\\\u5c11version\\\\u53c2\\\\u6570\\\"}\"]', '缺少version参数', '127.0.0.1', 0);
INSERT INTO `amn_payment_log` VALUES (162, '2020-10-15 02:20:44', '2020-10-15 02:20:44', '[\"{\\\"parament\\\":{\\\"orderid\\\":\\\"123123123123123123\\\",\\\"amount\\\":\\\"122\\\",\\\"memberid\\\":\\\"10001\\\",\\\"orderdatetime\\\":\\\"2020-02-02 12:12:12\\\",\\\"paytype\\\":\\\"ZFB\\\",\\\"signmethod\\\":\\\"md5\\\",\\\"notifyurl\\\":\\\"dsggsadsagas\\\",\\\"callbackurl\\\":\\\"sdgsadgsadg\\\",\\\"sign\\\":\\\"sdgsdgssaassg\\\"},\\\"msg\\\":\\\"\\\\u7f3a\\\\u5c11version\\\\u53c2\\\\u6570\\\"}\"]', '缺少version参数', '127.0.0.1', 0);
INSERT INTO `amn_payment_log` VALUES (163, '2020-10-15 02:21:02', '2020-10-15 02:21:02', '[\"{\\\"parament\\\":{\\\"orderid\\\":\\\"123123123123123123\\\",\\\"amount\\\":\\\"122\\\",\\\"memberid\\\":\\\"10001\\\",\\\"orderdatetime\\\":\\\"2020-02-02 12:12:12\\\",\\\"paytype\\\":\\\"ZFB\\\",\\\"signmethod\\\":\\\"md5\\\",\\\"notifyurl\\\":\\\"dsggsadsagas\\\",\\\"callbackurl\\\":\\\"sdgsadgsadg\\\",\\\"sign\\\":\\\"sdgsdgssaassg\\\"},\\\"msg\\\":\\\"\\\\u7f3a\\\\u5c11version\\\\u53c2\\\\u6570\\\"}\"]', '缺少version参数', '127.0.0.1', 0);
INSERT INTO `amn_payment_log` VALUES (164, '2020-10-15 02:21:15', '2020-10-15 02:21:15', '[\"{\\\"parament\\\":{\\\"version\\\":\\\"1.0.0\\\",\\\"orderid\\\":\\\"123123123123123123\\\",\\\"amount\\\":\\\"122\\\",\\\"memberid\\\":\\\"10001\\\",\\\"orderdatetime\\\":\\\"2020-02-02 12:12:12\\\",\\\"paytype\\\":\\\"ZFB\\\",\\\"signmethod\\\":\\\"md5\\\",\\\"notifyurl\\\":\\\"dsggsadsagas\\\",\\\"callbackurl\\\":\\\"sdgsadgsadg\\\",\\\"sign\\\":\\\"sdgsdgssaassg\\\"},\\\"mentod\\\":\\\"post\\\",\\\"msg\\\":\\\"version\\\\u7c7b\\\\u540d\\\\u683c\\\\u5f0f\\\\u9519\\\\u8bef\\\"}\"]', 'version类名格式错误', '127.0.0.1', 0);
INSERT INTO `amn_payment_log` VALUES (165, '2020-10-15 02:24:12', '2020-10-15 02:24:12', '[\"{\\\"parament\\\":{\\\"version\\\":\\\"1.0.0\\\",\\\"orderid\\\":\\\"123123123123123123\\\",\\\"amount\\\":\\\"122\\\",\\\"memberid\\\":\\\"10001\\\",\\\"orderdatetime\\\":\\\"2020-02-02 12:12:12\\\",\\\"paytype\\\":\\\"ZFB\\\",\\\"signmethod\\\":\\\"md5\\\",\\\"notifyurl\\\":\\\"dsggsadsagas\\\",\\\"callbackurl\\\":\\\"sdgsadgsadg\\\",\\\"sign\\\":\\\"sdgsdgssaassg\\\"},\\\"mentod\\\":\\\"post\\\",\\\"msg\\\":\\\"version\\\\u7c7b\\\\u540d\\\\u683c\\\\u5f0f\\\\u9519\\\\u8bef1.0.0\\\"}\"]', 'version类名格式错误1.0.0', '127.0.0.1', 0);
INSERT INTO `amn_payment_log` VALUES (166, '2020-10-15 02:25:16', '2020-10-15 02:25:16', '[\"{\\\"parament\\\":{\\\"version\\\":\\\"1.0.0\\\",\\\"orderid\\\":\\\"123123123123123123\\\",\\\"amount\\\":\\\"122\\\",\\\"memberid\\\":\\\"10001\\\",\\\"orderdatetime\\\":\\\"2020-02-02 12:12:12\\\",\\\"paytype\\\":\\\"ZFB\\\",\\\"signmethod\\\":\\\"md5\\\",\\\"notifyurl\\\":\\\"dsggsadsagas\\\",\\\"callbackurl\\\":\\\"sdgsadgsadg\\\",\\\"sign\\\":\\\"sdgsdgssaassg\\\"},\\\"mentod\\\":\\\"post\\\",\\\"msg\\\":\\\"version\\\\u7c7b\\\\u540d\\\\u683c\\\\u5f0f\\\\u9519\\\\u8befDefaultVersion\\\"}\"]', 'version类名格式错误DefaultVersion', '127.0.0.1', 0);
INSERT INTO `amn_payment_log` VALUES (167, '2020-10-15 02:25:29', '2020-10-15 02:25:29', '[\"{\\\"parament\\\":{\\\"version\\\":\\\"1.0.0\\\",\\\"orderid\\\":\\\"123123123123123123\\\",\\\"amount\\\":\\\"122\\\",\\\"memberid\\\":\\\"10001\\\",\\\"orderdatetime\\\":\\\"2020-02-02 12:12:12\\\",\\\"paytype\\\":\\\"ZFB\\\",\\\"signmethod\\\":\\\"md5\\\",\\\"notifyurl\\\":\\\"dsggsadsagas\\\",\\\"callbackurl\\\":\\\"sdgsadgsadg\\\",\\\"sign\\\":\\\"sdgsdgssaassg\\\"},\\\"mentod\\\":\\\"post\\\",\\\"msg\\\":\\\"version\\\\u7c7b\\\\u4e0d\\\\u5b58\\\\u5728\\\"}\"]', 'version类不存在', '127.0.0.1', 0);
INSERT INTO `amn_payment_log` VALUES (168, '2020-10-15 02:26:35', '2020-10-15 02:26:35', '[\"{\\\"parament\\\":{\\\"version\\\":\\\"1.0.0\\\",\\\"orderid\\\":\\\"123123123123123123\\\",\\\"amount\\\":\\\"122\\\",\\\"memberid\\\":\\\"10001\\\",\\\"orderdatetime\\\":\\\"2020-02-02 12:12:12\\\",\\\"paytype\\\":\\\"ZFB\\\",\\\"signmethod\\\":\\\"md5\\\",\\\"notifyurl\\\":\\\"dsggsadsagas\\\",\\\"callbackurl\\\":\\\"sdgsadgsadg\\\",\\\"sign\\\":\\\"sdgsdgssaassg\\\"},\\\"mentod\\\":\\\"post\\\",\\\"msg\\\":\\\"version\\\\u7c7b\\\\u4e0d\\\\u5b58\\\\u5728\\\"}\"]', 'version类不存在', '127.0.0.1', 0);
INSERT INTO `amn_payment_log` VALUES (169, '2020-10-15 02:30:20', '2020-10-15 02:30:20', '[\"{\\\"parament\\\":{\\\"version\\\":\\\"1.0.0\\\",\\\"orderid\\\":\\\"123123123123123123\\\",\\\"amount\\\":\\\"122\\\",\\\"memberid\\\":\\\"10001\\\",\\\"orderdatetime\\\":\\\"2020-02-02 12:12:12\\\",\\\"paytype\\\":\\\"ZFB\\\",\\\"signmethod\\\":\\\"md5\\\",\\\"notifyurl\\\":\\\"dsggsadsagas\\\",\\\"callbackurl\\\":\\\"sdgsadgsadg\\\",\\\"sign\\\":\\\"sdgsdgssaassg\\\"},\\\"mentod\\\":\\\"post\\\"}\"]', '系统错误', '127.0.0.1', 0);
INSERT INTO `amn_payment_log` VALUES (170, '2020-10-15 02:30:49', '2020-10-15 02:30:49', '[\"{\\\"parament\\\":{\\\"version\\\":\\\"1.0.0\\\",\\\"orderid\\\":\\\"123123123123123123\\\",\\\"amount\\\":\\\"122\\\",\\\"memberid\\\":\\\"10001\\\",\\\"orderdatetime\\\":\\\"2020-02-02 12:12:12\\\",\\\"paytype\\\":\\\"ZFB\\\",\\\"signmethod\\\":\\\"md5\\\",\\\"notifyurl\\\":\\\"dsggsadsagas\\\",\\\"callbackurl\\\":\\\"sdgsadgsadg\\\",\\\"sign\\\":\\\"sdgsdgssaassg\\\"},\\\"mentod\\\":\\\"post\\\"}\"]', '系统错误', '127.0.0.1', 0);
INSERT INTO `amn_payment_log` VALUES (171, '2020-10-15 02:33:27', '2020-10-15 02:33:27', '[\"{\\\"parament\\\":{\\\"version\\\":\\\"1.0.0\\\",\\\"orderid\\\":\\\"123123123123123123\\\",\\\"amount\\\":\\\"122\\\",\\\"memberid\\\":\\\"10001\\\",\\\"orderdatetime\\\":\\\"2020-02-02 12:12:12\\\",\\\"paytype\\\":\\\"ZFB\\\",\\\"signmethod\\\":\\\"md5\\\",\\\"notifyurl\\\":\\\"dsggsadsagas\\\",\\\"callbackurl\\\":\\\"sdgsadgsadg\\\",\\\"sign\\\":\\\"sdgsdgssaassg\\\"},\\\"mentod\\\":\\\"post\\\"}\"]', '系统错误', '127.0.0.1', 0);
INSERT INTO `amn_payment_log` VALUES (172, '2020-10-15 02:34:18', '2020-10-15 02:34:18', '[\"{\\\"parament\\\":{\\\"version\\\":\\\"1.0.0\\\",\\\"orderid\\\":\\\"123123123123123123\\\",\\\"amount\\\":\\\"122\\\",\\\"memberid\\\":\\\"10001\\\",\\\"orderdatetime\\\":\\\"2020-02-02 12:12:12\\\",\\\"paytype\\\":\\\"ZFB\\\",\\\"signmethod\\\":\\\"md5\\\",\\\"notifyurl\\\":\\\"dsggsadsagas\\\",\\\"callbackurl\\\":\\\"sdgsadgsadg\\\",\\\"sign\\\":\\\"sdgsdgssaassg\\\"},\\\"mentod\\\":\\\"post\\\"}\"]', '系统错误', '127.0.0.1', 0);
INSERT INTO `amn_payment_log` VALUES (173, '2020-10-15 02:34:21', '2020-10-15 02:34:21', '[\"{\\\"parament\\\":{\\\"version\\\":\\\"1.0.0\\\",\\\"orderid\\\":\\\"123123123123123123\\\",\\\"amount\\\":\\\"122\\\",\\\"memberid\\\":\\\"10001\\\",\\\"orderdatetime\\\":\\\"2020-02-02 12:12:12\\\",\\\"paytype\\\":\\\"ZFB\\\",\\\"signmethod\\\":\\\"md5\\\",\\\"notifyurl\\\":\\\"dsggsadsagas\\\",\\\"callbackurl\\\":\\\"sdgsadgsadg\\\",\\\"sign\\\":\\\"sdgsdgssaassg\\\"},\\\"mentod\\\":\\\"post\\\"}\"]', '系统错误', '127.0.0.1', 0);
INSERT INTO `amn_payment_log` VALUES (174, '2020-10-15 02:43:21', '2020-10-15 02:43:21', '[\"{\\\"parameter\\\":{\\\"version\\\":\\\"1.0.0\\\",\\\"orderid\\\":\\\"123123123123123123\\\",\\\"amount\\\":\\\"122\\\",\\\"memberid\\\":\\\"10001\\\",\\\"orderdatetime\\\":\\\"2020-02-02 12:12:12\\\",\\\"paytype\\\":\\\"ZFB\\\",\\\"signmethod\\\":\\\"md5\\\",\\\"notifyurl\\\":\\\"dsggsadsagas\\\",\\\"callbackurl\\\":\\\"sdgsadgsadg\\\",\\\"sign\\\":\\\"sdgsdgssaassg\\\"},\\\"mentod\\\":\\\"post\\\",\\\"version_parameter\\\":{\\\"orderid\\\":\\\"123123123123123123\\\",\\\"amount\\\":\\\"122\\\",\\\"memberid\\\":\\\"10001\\\",\\\"paytype\\\":\\\"ZFB\\\",\\\"orderdatetime\\\":\\\"2020-02-02 12:12:12\\\",\\\"signmethod\\\":\\\"md5\\\",\\\"notifyurl\\\":\\\"dsggsadsagas\\\",\\\"callbackurl\\\":\\\"sdgsadgsadg\\\",\\\"sign\\\":\\\"sdgsdgssaassg\\\"},\\\"user_id\\\":1,\\\"msg\\\":\\\"\\\\u7b7e\\\\u540d\\\\u9519\\\\u8bef\\\"}\"]', '签名错误', '127.0.0.1', 1);
INSERT INTO `amn_payment_log` VALUES (175, '2020-10-17 23:52:56', '2020-10-17 23:52:56', '[\"{\\\"parameter\\\":{\\\"version\\\":\\\"1.0.0\\\",\\\"orderid\\\":\\\"123123123123123123\\\",\\\"amount\\\":\\\"122\\\",\\\"memberid\\\":\\\"100011\\\",\\\"orderdatetime\\\":\\\"2020-02-02 12:12:12\\\",\\\"paytype\\\":\\\"ZFB\\\",\\\"signmethod\\\":\\\"md5\\\",\\\"notifyurl\\\":\\\"dsggsadsagas\\\",\\\"callbackurl\\\":\\\"sdgsadgsadg\\\",\\\"sign\\\":\\\"sdgsdgssaassg\\\"},\\\"mentod\\\":\\\"post\\\",\\\"msg\\\":\\\"\\\\u7528\\\\u6237\\\\u4e0d\\\\u5b58\\\\u5728\\\",\\\"user_id\\\":\\\"\\\",\\\"version_parameter\\\":{\\\"orderid\\\":\\\"123123123123123123\\\",\\\"amount\\\":\\\"122\\\",\\\"memberid\\\":\\\"100011\\\",\\\"paytype\\\":\\\"ZFB\\\",\\\"orderdatetime\\\":\\\"2020-02-02 12:12:12\\\",\\\"signmethod\\\":\\\"md5\\\",\\\"notifyurl\\\":\\\"dsggsadsagas\\\",\\\"callbackurl\\\":\\\"sdgsadgsadg\\\",\\\"sign\\\":\\\"sdgsdgssaassg\\\"}}\"]', '用户不存在', '127.0.0.1', 0);
INSERT INTO `amn_payment_log` VALUES (176, '2020-10-19 00:28:51', '2020-10-19 00:28:51', '[\"{\\\"parameter\\\":{\\\"version\\\":\\\"1.0.0\\\",\\\"orderid\\\":\\\"123123123123123123\\\",\\\"amount\\\":\\\"122\\\",\\\"memberid\\\":\\\"10001\\\",\\\"orderdatetime\\\":\\\"2020-02-02 12:12:12\\\",\\\"paytype\\\":\\\"ZFB\\\",\\\"signmethod\\\":\\\"md5\\\",\\\"notifyurl\\\":\\\"dsggsadsagas\\\",\\\"callbackurl\\\":\\\"sdgsadgsadg\\\",\\\"sign\\\":\\\"sdgsdgssaassg\\\"},\\\"mentod\\\":\\\"post\\\",\\\"pc_phone\\\":\\\"pc\\\",\\\"wx_alipay_wap\\\":\\\"\\\",\\\"orderid_repeat\\\":0,\\\"version_classname\\\":\\\"DefaultVersion\\\",\\\"user_id\\\":1,\\\"version_parameter\\\":{\\\"orderid\\\":\\\"123123123123123123\\\",\\\"amount\\\":\\\"122\\\",\\\"memberid\\\":\\\"10001\\\",\\\"paytype\\\":\\\"ZFB\\\",\\\"orderdatetime\\\":\\\"2020-02-02 12:12:12\\\",\\\"signmethod\\\":\\\"md5\\\",\\\"notifyurl\\\":\\\"dsggsadsagas\\\",\\\"callbackurl\\\":\\\"sdgsadgsadg\\\",\\\"sign\\\":\\\"sdgsdgssaassg\\\"},\\\"msg\\\":\\\"\\\\u8bf7\\\\u6c42\\\\u6570\\\\u636e\\\\u4e0d\\\\u5408\\\\u6cd5\\\",\\\"formatdata\\\":{\\\"userid\\\":1,\\\"amount\\\":\\\"122\\\",\\\"orderid\\\":\\\"123123123123123123\\\",\\\"callbackurl\\\":\\\"sdgsadgsadg\\\",\\\"notifyurl\\\":\\\"dsggsadsagas\\\",\\\"orderdatetime\\\":\\\"2020-02-02 12:12:12\\\",\\\"bankcode\\\":\\\"\\\",\\\"tongdao\\\":\\\"ZFB\\\",\\\"extend\\\":\\\"\\\",\\\"sign\\\":\\\"67CB3D288EBC89A33CCD6D0CD35CEF05AC03F60D\\\"}}\"]', '请求数据不合法', '127.0.0.1', 1);
INSERT INTO `amn_payment_log` VALUES (177, '2020-10-19 02:42:10', '2020-10-19 02:42:10', '[\"{\\\"parameter\\\":{\\\"version\\\":\\\"1.0.0\\\",\\\"orderid\\\":\\\"123123123123123123\\\",\\\"amount\\\":\\\"122\\\",\\\"memberid\\\":\\\"10001\\\",\\\"orderdatetime\\\":\\\"2020-02-02 12:12:12\\\",\\\"paytype\\\":\\\"ZFB\\\",\\\"signmethod\\\":\\\"md5\\\",\\\"notifyurl\\\":\\\"dsggsadsagas\\\",\\\"callbackurl\\\":\\\"sdgsadgsadg\\\",\\\"sign\\\":\\\"sdgsdgssaassg\\\"},\\\"mentod\\\":\\\"post\\\",\\\"pc_phone\\\":\\\"pc\\\",\\\"wx_alipay_wap\\\":\\\"\\\",\\\"orderid_repeat\\\":0,\\\"version_classname\\\":\\\"DefaultVersion\\\",\\\"user_id\\\":1,\\\"version_parameter\\\":{\\\"orderid\\\":\\\"123123123123123123\\\",\\\"amount\\\":\\\"122\\\",\\\"memberid\\\":\\\"10001\\\",\\\"paytype\\\":\\\"ZFB\\\",\\\"orderdatetime\\\":\\\"2020-02-02 12:12:12\\\",\\\"signmethod\\\":\\\"md5\\\",\\\"notifyurl\\\":\\\"dsggsadsagas\\\",\\\"callbackurl\\\":\\\"sdgsadgsadg\\\",\\\"sign\\\":\\\"sdgsdgssaassg\\\"},\\\"msg\\\":\\\"\\\\u901a\\\\u9053\\\\u5206\\\\u7c7b\\\\u4e0d\\\\u5b58\\\\u5728\\\",\\\"formatdata\\\":{\\\"userid\\\":1,\\\"amount\\\":\\\"122\\\",\\\"orderid\\\":\\\"123123123123123123\\\",\\\"callbackurl\\\":\\\"sdgsadgsadg\\\",\\\"notifyurl\\\":\\\"dsggsadsagas\\\",\\\"orderdatetime\\\":\\\"2020-02-02 12:12:12\\\",\\\"bankcode\\\":\\\"\\\",\\\"tongdao\\\":\\\"ZFB\\\",\\\"extend\\\":\\\"\\\",\\\"sign\\\":\\\"67CB3D288EBC89A33CCD6D0CD35CEF05AC03F60D\\\"}}\"]', '通道分类不存在', '127.0.0.1', 1);
INSERT INTO `amn_payment_log` VALUES (178, '2020-10-19 02:43:53', '2020-10-19 02:43:53', '[\"{\\\"parameter\\\":{\\\"version\\\":\\\"1.0.0\\\",\\\"orderid\\\":\\\"123123123123123123\\\",\\\"amount\\\":\\\"122\\\",\\\"memberid\\\":\\\"10001\\\",\\\"orderdatetime\\\":\\\"2020-02-02 12:12:12\\\",\\\"paytype\\\":\\\"ZFB\\\",\\\"signmethod\\\":\\\"md5\\\",\\\"notifyurl\\\":\\\"dsggsadsagas\\\",\\\"callbackurl\\\":\\\"sdgsadgsadg\\\",\\\"sign\\\":\\\"sdgsdgssaassg\\\"},\\\"mentod\\\":\\\"post\\\",\\\"pc_phone\\\":\\\"pc\\\",\\\"wx_alipay_wap\\\":\\\"\\\",\\\"orderid_repeat\\\":0,\\\"version_classname\\\":\\\"DefaultVersion\\\",\\\"user_id\\\":1,\\\"version_parameter\\\":{\\\"orderid\\\":\\\"123123123123123123\\\",\\\"amount\\\":\\\"122\\\",\\\"memberid\\\":\\\"10001\\\",\\\"paytype\\\":\\\"ZFB\\\",\\\"orderdatetime\\\":\\\"2020-02-02 12:12:12\\\",\\\"signmethod\\\":\\\"md5\\\",\\\"notifyurl\\\":\\\"dsggsadsagas\\\",\\\"callbackurl\\\":\\\"sdgsadgsadg\\\",\\\"sign\\\":\\\"sdgsdgssaassg\\\"},\\\"msg\\\":\\\"\\\\u901a\\\\u9053\\\\u5206\\\\u7c7b\\\\u4e0d\\\\u5b58\\\\u5728www.p.com\\\",\\\"formatdata\\\":{\\\"userid\\\":1,\\\"amount\\\":\\\"122\\\",\\\"orderid\\\":\\\"123123123123123123\\\",\\\"callbackurl\\\":\\\"sdgsadgsadg\\\",\\\"notifyurl\\\":\\\"dsggsadsagas\\\",\\\"orderdatetime\\\":\\\"2020-02-02 12:12:12\\\",\\\"bankcode\\\":\\\"\\\",\\\"tongdao\\\":\\\"ZFB\\\",\\\"extend\\\":\\\"\\\",\\\"sign\\\":\\\"67CB3D288EBC89A33CCD6D0CD35CEF05AC03F60D\\\"}}\"]', '通道分类不存在www.p.com', '127.0.0.1', 1);
INSERT INTO `amn_payment_log` VALUES (179, '2020-10-19 02:44:21', '2020-10-19 02:44:21', '[\"{\\\"parameter\\\":{\\\"version\\\":\\\"1.0.0\\\",\\\"orderid\\\":\\\"123123123123123123\\\",\\\"amount\\\":\\\"122\\\",\\\"memberid\\\":\\\"10001\\\",\\\"orderdatetime\\\":\\\"2020-02-02 12:12:12\\\",\\\"paytype\\\":\\\"ZFB\\\",\\\"signmethod\\\":\\\"md5\\\",\\\"notifyurl\\\":\\\"dsggsadsagas\\\",\\\"callbackurl\\\":\\\"sdgsadgsadg\\\",\\\"sign\\\":\\\"sdgsdgssaassg\\\"},\\\"mentod\\\":\\\"post\\\",\\\"pc_phone\\\":\\\"pc\\\",\\\"wx_alipay_wap\\\":\\\"\\\",\\\"orderid_repeat\\\":0,\\\"version_classname\\\":\\\"DefaultVersion\\\",\\\"user_id\\\":1,\\\"version_parameter\\\":{\\\"orderid\\\":\\\"123123123123123123\\\",\\\"amount\\\":\\\"122\\\",\\\"memberid\\\":\\\"10001\\\",\\\"paytype\\\":\\\"ZFB\\\",\\\"orderdatetime\\\":\\\"2020-02-02 12:12:12\\\",\\\"signmethod\\\":\\\"md5\\\",\\\"notifyurl\\\":\\\"dsggsadsagas\\\",\\\"callbackurl\\\":\\\"sdgsadgsadg\\\",\\\"sign\\\":\\\"sdgsdgssaassg\\\"},\\\"msg\\\":\\\"\\\\u901a\\\\u9053\\\\u5206\\\\u7c7b\\\\u4e0d\\\\u5b58\\\\u5728www.p.com\\\",\\\"formatdata\\\":{\\\"userid\\\":1,\\\"amount\\\":\\\"122\\\",\\\"orderid\\\":\\\"123123123123123123\\\",\\\"callbackurl\\\":\\\"sdgsadgsadg\\\",\\\"notifyurl\\\":\\\"dsggsadsagas\\\",\\\"orderdatetime\\\":\\\"2020-02-02 12:12:12\\\",\\\"bankcode\\\":\\\"\\\",\\\"tongdao\\\":\\\"ZFB\\\",\\\"extend\\\":\\\"\\\",\\\"sign\\\":\\\"67CB3D288EBC89A33CCD6D0CD35CEF05AC03F60D\\\"}}\"]', '通道分类不存在www.p.com', '127.0.0.1', 1);
INSERT INTO `amn_payment_log` VALUES (180, '2020-10-19 02:44:23', '2020-10-19 02:44:23', '[\"{\\\"parameter\\\":{\\\"version\\\":\\\"1.0.0\\\",\\\"orderid\\\":\\\"123123123123123123\\\",\\\"amount\\\":\\\"122\\\",\\\"memberid\\\":\\\"10001\\\",\\\"orderdatetime\\\":\\\"2020-02-02 12:12:12\\\",\\\"paytype\\\":\\\"ZFB\\\",\\\"signmethod\\\":\\\"md5\\\",\\\"notifyurl\\\":\\\"dsggsadsagas\\\",\\\"callbackurl\\\":\\\"sdgsadgsadg\\\",\\\"sign\\\":\\\"sdgsdgssaassg\\\"},\\\"mentod\\\":\\\"post\\\",\\\"pc_phone\\\":\\\"pc\\\",\\\"wx_alipay_wap\\\":\\\"\\\",\\\"orderid_repeat\\\":0,\\\"version_classname\\\":\\\"DefaultVersion\\\",\\\"user_id\\\":1,\\\"version_parameter\\\":{\\\"orderid\\\":\\\"123123123123123123\\\",\\\"amount\\\":\\\"122\\\",\\\"memberid\\\":\\\"10001\\\",\\\"paytype\\\":\\\"ZFB\\\",\\\"orderdatetime\\\":\\\"2020-02-02 12:12:12\\\",\\\"signmethod\\\":\\\"md5\\\",\\\"notifyurl\\\":\\\"dsggsadsagas\\\",\\\"callbackurl\\\":\\\"sdgsadgsadg\\\",\\\"sign\\\":\\\"sdgsdgssaassg\\\"},\\\"msg\\\":\\\"\\\\u901a\\\\u9053\\\\u5206\\\\u7c7b\\\\u4e0d\\\\u5b58\\\\u5728www.p.com\\\",\\\"formatdata\\\":{\\\"userid\\\":1,\\\"amount\\\":\\\"122\\\",\\\"orderid\\\":\\\"123123123123123123\\\",\\\"callbackurl\\\":\\\"sdgsadgsadg\\\",\\\"notifyurl\\\":\\\"dsggsadsagas\\\",\\\"orderdatetime\\\":\\\"2020-02-02 12:12:12\\\",\\\"bankcode\\\":\\\"\\\",\\\"tongdao\\\":\\\"ZFB\\\",\\\"extend\\\":\\\"\\\",\\\"sign\\\":\\\"67CB3D288EBC89A33CCD6D0CD35CEF05AC03F60D\\\"}}\"]', '通道分类不存在www.p.com', '127.0.0.1', 1);
INSERT INTO `amn_payment_log` VALUES (181, '2020-10-20 00:01:52', '2020-10-20 00:01:52', '[\"{\\\"parameter\\\":{\\\"version\\\":\\\"1.0.0\\\",\\\"orderid\\\":\\\"123123123123123123\\\",\\\"amount\\\":\\\"122\\\",\\\"memberid\\\":\\\"10001\\\",\\\"orderdatetime\\\":\\\"2020-02-02 12:12:12\\\",\\\"paytype\\\":\\\"ZFB\\\",\\\"signmethod\\\":\\\"md5\\\",\\\"notifyurl\\\":\\\"dsggsadsagas\\\",\\\"callbackurl\\\":\\\"sdgsadgsadg\\\",\\\"sign\\\":\\\"sdgsdgssaassg\\\"},\\\"mentod\\\":\\\"post\\\",\\\"pc_phone\\\":\\\"pc\\\",\\\"wx_alipay_wap\\\":\\\"\\\",\\\"orderid_repeat\\\":0,\\\"version_classname\\\":\\\"DefaultVersion\\\",\\\"user_id\\\":1,\\\"version_parameter\\\":{\\\"orderid\\\":\\\"123123123123123123\\\",\\\"amount\\\":\\\"122\\\",\\\"memberid\\\":\\\"10001\\\",\\\"paytype\\\":\\\"ZFB\\\",\\\"orderdatetime\\\":\\\"2020-02-02 12:12:12\\\",\\\"signmethod\\\":\\\"md5\\\",\\\"notifyurl\\\":\\\"dsggsadsagas\\\",\\\"callbackurl\\\":\\\"sdgsadgsadg\\\",\\\"sign\\\":\\\"sdgsdgssaassg\\\"},\\\"msg\\\":\\\"\\\\u901a\\\\u9053\\\\u5206\\\\u7c7b\\\\u4e0d\\\\u5b58\\\\u5728\\\",\\\"formatdata\\\":{\\\"userid\\\":1,\\\"amount\\\":\\\"122\\\",\\\"orderid\\\":\\\"123123123123123123\\\",\\\"callbackurl\\\":\\\"sdgsadgsadg\\\",\\\"notifyurl\\\":\\\"dsggsadsagas\\\",\\\"orderdatetime\\\":\\\"2020-02-02 12:12:12\\\",\\\"bankcode\\\":\\\"\\\",\\\"tongdao\\\":\\\"ZFB\\\",\\\"extend\\\":\\\"\\\",\\\"sign\\\":\\\"67CB3D288EBC89A33CCD6D0CD35CEF05AC03F60D\\\"}}\"]', '通道分类不存在', '127.0.0.1', 1);
INSERT INTO `amn_payment_log` VALUES (182, '2020-10-20 00:04:39', '2020-10-20 00:04:39', '[\"{\\\"parameter\\\":{\\\"version\\\":\\\"1.0.0\\\",\\\"orderid\\\":\\\"123123123123123123\\\",\\\"amount\\\":\\\"122\\\",\\\"memberid\\\":\\\"10001\\\",\\\"orderdatetime\\\":\\\"2020-02-02 12:12:12\\\",\\\"paytype\\\":\\\"ZFB\\\",\\\"signmethod\\\":\\\"md5\\\",\\\"notifyurl\\\":\\\"dsggsadsagas\\\",\\\"callbackurl\\\":\\\"sdgsadgsadg\\\",\\\"sign\\\":\\\"sdgsdgssaassg\\\"},\\\"mentod\\\":\\\"post\\\",\\\"pc_phone\\\":\\\"pc\\\",\\\"wx_alipay_wap\\\":\\\"\\\",\\\"orderid_repeat\\\":0,\\\"version_classname\\\":\\\"DefaultVersion\\\",\\\"user_id\\\":1,\\\"version_parameter\\\":{\\\"orderid\\\":\\\"123123123123123123\\\",\\\"amount\\\":\\\"122\\\",\\\"memberid\\\":\\\"10001\\\",\\\"paytype\\\":\\\"ZFB\\\",\\\"orderdatetime\\\":\\\"2020-02-02 12:12:12\\\",\\\"signmethod\\\":\\\"md5\\\",\\\"notifyurl\\\":\\\"dsggsadsagas\\\",\\\"callbackurl\\\":\\\"sdgsadgsadg\\\",\\\"sign\\\":\\\"sdgsdgssaassg\\\"},\\\"msg\\\":\\\"\\\\u901a\\\\u9053\\\\u5206\\\\u7c7b\\\\u4e0d\\\\u5b58\\\\u5728\\\",\\\"formatdata\\\":{\\\"userid\\\":1,\\\"amount\\\":\\\"122\\\",\\\"orderid\\\":\\\"123123123123123123\\\",\\\"callbackurl\\\":\\\"sdgsadgsadg\\\",\\\"notifyurl\\\":\\\"dsggsadsagas\\\",\\\"orderdatetime\\\":\\\"2020-02-02 12:12:12\\\",\\\"bankcode\\\":\\\"\\\",\\\"tongdao\\\":\\\"ZFB\\\",\\\"extend\\\":\\\"\\\",\\\"sign\\\":\\\"67CB3D288EBC89A33CCD6D0CD35CEF05AC03F60D\\\"}}\"]', '通道分类不存在', '127.0.0.1', 1);
INSERT INTO `amn_payment_log` VALUES (183, '2020-10-20 00:04:42', '2020-10-20 00:04:42', '[\"{\\\"parameter\\\":{\\\"version\\\":\\\"1.0.0\\\",\\\"orderid\\\":\\\"123123123123123123\\\",\\\"amount\\\":\\\"122\\\",\\\"memberid\\\":\\\"10001\\\",\\\"orderdatetime\\\":\\\"2020-02-02 12:12:12\\\",\\\"paytype\\\":\\\"ZFB\\\",\\\"signmethod\\\":\\\"md5\\\",\\\"notifyurl\\\":\\\"dsggsadsagas\\\",\\\"callbackurl\\\":\\\"sdgsadgsadg\\\",\\\"sign\\\":\\\"sdgsdgssaassg\\\"},\\\"mentod\\\":\\\"post\\\",\\\"pc_phone\\\":\\\"pc\\\",\\\"wx_alipay_wap\\\":\\\"\\\",\\\"orderid_repeat\\\":0,\\\"version_classname\\\":\\\"DefaultVersion\\\",\\\"user_id\\\":1,\\\"version_parameter\\\":{\\\"orderid\\\":\\\"123123123123123123\\\",\\\"amount\\\":\\\"122\\\",\\\"memberid\\\":\\\"10001\\\",\\\"paytype\\\":\\\"ZFB\\\",\\\"orderdatetime\\\":\\\"2020-02-02 12:12:12\\\",\\\"signmethod\\\":\\\"md5\\\",\\\"notifyurl\\\":\\\"dsggsadsagas\\\",\\\"callbackurl\\\":\\\"sdgsadgsadg\\\",\\\"sign\\\":\\\"sdgsdgssaassg\\\"},\\\"msg\\\":\\\"\\\\u901a\\\\u9053\\\\u5206\\\\u7c7b\\\\u4e0d\\\\u5b58\\\\u5728\\\",\\\"formatdata\\\":{\\\"userid\\\":1,\\\"amount\\\":\\\"122\\\",\\\"orderid\\\":\\\"123123123123123123\\\",\\\"callbackurl\\\":\\\"sdgsadgsadg\\\",\\\"notifyurl\\\":\\\"dsggsadsagas\\\",\\\"orderdatetime\\\":\\\"2020-02-02 12:12:12\\\",\\\"bankcode\\\":\\\"\\\",\\\"tongdao\\\":\\\"ZFB\\\",\\\"extend\\\":\\\"\\\",\\\"sign\\\":\\\"67CB3D288EBC89A33CCD6D0CD35CEF05AC03F60D\\\"}}\"]', '通道分类不存在', '127.0.0.1', 1);
INSERT INTO `amn_payment_log` VALUES (184, '2020-10-20 00:05:55', '2020-10-20 00:05:55', '[\"{\\\"parameter\\\":{\\\"version\\\":\\\"1.0.0\\\",\\\"orderid\\\":\\\"123123123123123123\\\",\\\"amount\\\":\\\"122\\\",\\\"memberid\\\":\\\"10001\\\",\\\"orderdatetime\\\":\\\"2020-02-02 12:12:12\\\",\\\"paytype\\\":\\\"ZFB\\\",\\\"signmethod\\\":\\\"md5\\\",\\\"notifyurl\\\":\\\"dsggsadsagas\\\",\\\"callbackurl\\\":\\\"sdgsadgsadg\\\",\\\"sign\\\":\\\"sdgsdgssaassg\\\"},\\\"mentod\\\":\\\"post\\\",\\\"pc_phone\\\":\\\"pc\\\",\\\"wx_alipay_wap\\\":\\\"\\\",\\\"orderid_repeat\\\":0,\\\"version_classname\\\":\\\"DefaultVersion\\\",\\\"user_id\\\":1,\\\"version_parameter\\\":{\\\"orderid\\\":\\\"123123123123123123\\\",\\\"amount\\\":\\\"122\\\",\\\"memberid\\\":\\\"10001\\\",\\\"paytype\\\":\\\"ZFB\\\",\\\"orderdatetime\\\":\\\"2020-02-02 12:12:12\\\",\\\"signmethod\\\":\\\"md5\\\",\\\"notifyurl\\\":\\\"dsggsadsagas\\\",\\\"callbackurl\\\":\\\"sdgsadgsadg\\\",\\\"sign\\\":\\\"sdgsdgssaassg\\\"},\\\"msg\\\":\\\"\\\\u7b7e\\\\u540d\\\\u9519\\\\u8bef\\\",\\\"formatdata\\\":{\\\"userid\\\":1,\\\"amount\\\":\\\"122\\\",\\\"orderid\\\":\\\"123123123123123123\\\",\\\"callbackurl\\\":\\\"sdgsadgsadg\\\",\\\"notifyurl\\\":\\\"dsggsadsagas\\\",\\\"orderdatetime\\\":\\\"2020-02-02 12:12:12\\\",\\\"bankcode\\\":\\\"\\\",\\\"tongdao\\\":\\\"ZFB\\\",\\\"extend\\\":\\\"\\\",\\\"sign\\\":\\\"67CB3D288EBC89A33CCD6D0CD35CEF05AC03F60D\\\"}}\"]', '签名错误', '127.0.0.1', 1);
INSERT INTO `amn_payment_log` VALUES (185, '2020-10-20 00:27:14', '2020-10-20 00:27:14', '[\"{\\\"parameter\\\":{\\\"version\\\":\\\"1.0.0\\\",\\\"orderid\\\":\\\"123123123123123123\\\",\\\"amount\\\":\\\"122\\\",\\\"memberid\\\":\\\"10001\\\",\\\"orderdatetime\\\":\\\"2020-02-02 12:12:12\\\",\\\"paytype\\\":\\\"ZFB\\\",\\\"signmethod\\\":\\\"md5\\\",\\\"notifyurl\\\":\\\"dsggsadsagas\\\",\\\"callbackurl\\\":\\\"sdgsadgsadg\\\",\\\"sign\\\":\\\"sdgsdgssaassg\\\"},\\\"mentod\\\":\\\"post\\\",\\\"pc_phone\\\":\\\"pc\\\",\\\"wx_alipay_wap\\\":\\\"\\\",\\\"orderid_repeat\\\":0,\\\"version_classname\\\":\\\"DefaultVersion\\\",\\\"user_id\\\":1,\\\"version_parameter\\\":{\\\"orderid\\\":\\\"123123123123123123\\\",\\\"amount\\\":\\\"122\\\",\\\"memberid\\\":\\\"10001\\\",\\\"paytype\\\":\\\"ZFB\\\",\\\"orderdatetime\\\":\\\"2020-02-02 12:12:12\\\",\\\"signmethod\\\":\\\"md5\\\",\\\"notifyurl\\\":\\\"dsggsadsagas\\\",\\\"callbackurl\\\":\\\"sdgsadgsadg\\\",\\\"sign\\\":\\\"sdgsdgssaassg\\\"},\\\"msg\\\":\\\"\\\\u7b7e\\\\u540d\\\\u9519\\\\u8bef\\\",\\\"formatdata\\\":{\\\"userid\\\":1,\\\"amount\\\":\\\"122\\\",\\\"orderid\\\":\\\"123123123123123123\\\",\\\"callbackurl\\\":\\\"sdgsadgsadg\\\",\\\"notifyurl\\\":\\\"dsggsadsagas\\\",\\\"orderdatetime\\\":\\\"2020-02-02 12:12:12\\\",\\\"bankcode\\\":\\\"\\\",\\\"tongdao\\\":\\\"ZFB\\\",\\\"extend\\\":\\\"\\\",\\\"sign\\\":\\\"67CB3D288EBC89A33CCD6D0CD35CEF05AC03F60D\\\"}}\"]', '签名错误', '127.0.0.1', 1);
INSERT INTO `amn_payment_log` VALUES (186, '2020-10-20 00:44:31', '2020-10-20 00:44:31', '[\"{\\\"parameter\\\":{\\\"version\\\":\\\"1.0.0\\\",\\\"orderid\\\":\\\"123123123123123123\\\",\\\"amount\\\":\\\"122\\\",\\\"memberid\\\":\\\"10001\\\",\\\"orderdatetime\\\":\\\"2020-02-02 12:12:12\\\",\\\"paytype\\\":\\\"ZFB\\\",\\\"signmethod\\\":\\\"md5\\\",\\\"notifyurl\\\":\\\"dsggsadsagas\\\",\\\"callbackurl\\\":\\\"sdgsadgsadg\\\",\\\"sign\\\":\\\"sdgsdgssaassg\\\"},\\\"mentod\\\":\\\"post\\\",\\\"pc_phone\\\":\\\"pc\\\",\\\"wx_alipay_wap\\\":\\\"\\\",\\\"orderid_repeat\\\":0,\\\"version_classname\\\":\\\"DefaultVersion\\\",\\\"user_id\\\":1,\\\"version_parameter\\\":{\\\"orderid\\\":\\\"123123123123123123\\\",\\\"amount\\\":\\\"122\\\",\\\"memberid\\\":\\\"10001\\\",\\\"paytype\\\":\\\"ZFB\\\",\\\"orderdatetime\\\":\\\"2020-02-02 12:12:12\\\",\\\"signmethod\\\":\\\"md5\\\",\\\"notifyurl\\\":\\\"dsggsadsagas\\\",\\\"callbackurl\\\":\\\"sdgsadgsadg\\\",\\\"sign\\\":\\\"sdgsdgssaassg\\\"},\\\"msg\\\":\\\"\\\\u8bf7\\\\u6c42\\\\u57df\\\\u540d\\\\u975e\\\\u6cd5\\\",\\\"formatdata\\\":{\\\"userid\\\":1,\\\"amount\\\":\\\"122\\\",\\\"orderid\\\":\\\"123123123123123123\\\",\\\"callbackurl\\\":\\\"sdgsadgsadg\\\",\\\"notifyurl\\\":\\\"dsggsadsagas\\\",\\\"orderdatetime\\\":\\\"2020-02-02 12:12:12\\\",\\\"bankcode\\\":\\\"\\\",\\\"tongdao\\\":\\\"ZFB\\\",\\\"extend\\\":\\\"\\\",\\\"sign\\\":\\\"67CB3D288EBC89A33CCD6D0CD35CEF05AC03F60D\\\"}}\"]', '请求域名非法', '127.0.0.1', 1);
INSERT INTO `amn_payment_log` VALUES (187, '2020-10-20 13:27:36', '2020-10-20 13:27:36', '[\"{\\\"parameter\\\":{\\\"version\\\":\\\"1.0.0\\\",\\\"orderid\\\":\\\"123123123123123123\\\",\\\"amount\\\":\\\"122\\\",\\\"memberid\\\":\\\"10001\\\",\\\"orderdatetime\\\":\\\"2020-02-02 12:12:12\\\",\\\"paytype\\\":\\\"ZFB\\\",\\\"signmethod\\\":\\\"md5\\\",\\\"notifyurl\\\":\\\"dsggsadsagas\\\",\\\"callbackurl\\\":\\\"sdgsadgsadg\\\",\\\"sign\\\":\\\"sdgsdgssaassg\\\"},\\\"mentod\\\":\\\"post\\\",\\\"pc_phone\\\":\\\"pc\\\",\\\"wx_alipay_wap\\\":\\\"\\\",\\\"orderid_repeat\\\":0,\\\"version_classname\\\":\\\"DefaultVersion\\\",\\\"user_id\\\":1,\\\"version_parameter\\\":{\\\"orderid\\\":\\\"123123123123123123\\\",\\\"amount\\\":\\\"122\\\",\\\"memberid\\\":\\\"10001\\\",\\\"paytype\\\":\\\"ZFB\\\",\\\"orderdatetime\\\":\\\"2020-02-02 12:12:12\\\",\\\"signmethod\\\":\\\"md5\\\",\\\"notifyurl\\\":\\\"dsggsadsagas\\\",\\\"callbackurl\\\":\\\"sdgsadgsadg\\\",\\\"sign\\\":\\\"sdgsdgssaassg\\\"},\\\"msg\\\":\\\"\\\\u901a\\\\u9053\\\\u5206\\\\u7c7b\\\\u4e0d\\\\u5b58\\\\u5728\\\",\\\"formatdata\\\":{\\\"userid\\\":1,\\\"amount\\\":\\\"122\\\",\\\"orderid\\\":\\\"123123123123123123\\\",\\\"callbackurl\\\":\\\"sdgsadgsadg\\\",\\\"notifyurl\\\":\\\"dsggsadsagas\\\",\\\"orderdatetime\\\":\\\"2020-02-02 12:12:12\\\",\\\"bankcode\\\":\\\"\\\",\\\"tongdao\\\":\\\"ZFB\\\",\\\"extend\\\":\\\"\\\",\\\"sign\\\":\\\"67CB3D288EBC89A33CCD6D0CD35CEF05AC03F60D\\\"}}\"]', '通道分类不存在', '127.0.0.1', 1);
INSERT INTO `amn_payment_log` VALUES (188, '2020-10-20 13:47:28', '2020-10-20 13:47:28', '[\"{\\\"parameter\\\":{\\\"version\\\":\\\"1.0.0\\\",\\\"orderid\\\":\\\"123123123123123123\\\",\\\"amount\\\":\\\"122\\\",\\\"memberid\\\":\\\"10001\\\",\\\"orderdatetime\\\":\\\"2020-02-02 12:12:12\\\",\\\"paytype\\\":\\\"ZFB\\\",\\\"signmethod\\\":\\\"md5\\\",\\\"notifyurl\\\":\\\"dsggsadsagas\\\",\\\"callbackurl\\\":\\\"sdgsadgsadg\\\",\\\"sign\\\":\\\"sdgsdgssaassg\\\"},\\\"mentod\\\":\\\"post\\\",\\\"pc_phone\\\":\\\"pc\\\",\\\"wx_alipay_wap\\\":\\\"\\\",\\\"orderid_repeat\\\":0,\\\"version_classname\\\":\\\"DefaultVersion\\\",\\\"user_id\\\":1,\\\"msg\\\":\\\"\\\\u8ba2\\\\u5355\\\\u53f7\\\\u6700\\\\u77ed6\\\\u4e2a\\\\u5b57\\\\u7b26\\\\uff0c\\\\u6700\\\\u957f32\\\\u4e2a\\\\u5b57\\\\u7b26\\\\uff0c\\\\u8ba2\\\\u5355\\\\u53f7\\\\u53ea\\\\u80fd\\\\u7531\\\\u6570\\\\u5b57\\\\u548c\\\\u5927\\\\u5c0f\\\\u5199\\\\u5b57\\\\u6bcd\\\\u7ec4\\\\u6210\\\\uff0c\\\\u4e0d\\\\u80fd\\\\u5305\\\\u542b \\\\u4e0b\\\\u5212\\\\u7ebf\\\"}\"]', '订单号最短6个字符，最长32个字符，订单号只能由数字和大小写字母组成，不能包含 下划线', '127.0.0.1', 1);
INSERT INTO `amn_payment_log` VALUES (189, '2020-10-20 14:19:44', '2020-10-20 14:19:44', '[\"{\\\"parameter\\\":{\\\"version\\\":\\\"1.0.0\\\",\\\"orderid\\\":\\\"123123123123123123\\\",\\\"amount\\\":\\\"122\\\",\\\"memberid\\\":\\\"10001\\\",\\\"orderdatetime\\\":\\\"2020-02-02 12:12:12\\\",\\\"paytype\\\":\\\"ZFB\\\",\\\"signmethod\\\":\\\"md5\\\",\\\"notifyurl\\\":\\\"dsggsadsagas\\\",\\\"callbackurl\\\":\\\"sdgsadgsadg\\\",\\\"sign\\\":\\\"sdgsdgssaassg\\\"},\\\"mentod\\\":\\\"post\\\",\\\"pc_phone\\\":\\\"pc\\\",\\\"wx_alipay_wap\\\":\\\"\\\",\\\"orderid_repeat\\\":0,\\\"version_classname\\\":\\\"DefaultVersion\\\",\\\"user_id\\\":1,\\\"msg\\\":\\\"\\\\u901a\\\\u9053\\\\u5206\\\\u7c7b\\\\u4e0d\\\\u5b58\\\\u5728\\\",\\\"formatdata\\\":{\\\"userid\\\":1,\\\"amount\\\":\\\"122\\\",\\\"orderid\\\":\\\"123123123123123123\\\",\\\"callbackurl\\\":\\\"sdgsadgsadg\\\",\\\"notifyurl\\\":\\\"dsggsadsagas\\\",\\\"orderdatetime\\\":\\\"2020-02-02 12:12:12\\\",\\\"bankcode\\\":\\\"\\\",\\\"tongdao\\\":\\\"ZFB\\\",\\\"extend\\\":\\\"\\\",\\\"sign\\\":\\\"67CB3D288EBC89A33CCD6D0CD35CEF05AC03F60D\\\"}}\"]', '通道分类不存在', '127.0.0.1', 1);

-- ----------------------------
-- Table structure for amn_payment_version
-- ----------------------------
DROP TABLE IF EXISTS `amn_payment_version`;
CREATE TABLE `amn_payment_version`  (
  `id` int(0) UNSIGNED NOT NULL AUTO_INCREMENT COMMENT '主键',
  `numberstr` varchar(100) CHARACTER SET utf8 COLLATE utf8_general_ci NOT NULL COMMENT '版本号',
  `class_name` varchar(100) CHARACTER SET utf8 COLLATE utf8_general_ci NOT NULL COMMENT '控制器名称',
  `bieming` varchar(100) CHARACTER SET utf8 COLLATE utf8_general_ci NOT NULL COMMENT '接口版本别名',
  `status` tinyint(0) UNSIGNED NOT NULL DEFAULT 1 COMMENT '使用状态：1=正常；2=禁用',
  `orderid_repeat` smallint(0) NULL DEFAULT 0 COMMENT '用户订单号是否可重复，0否，1可以',
  `create_time` datetime(0) NOT NULL COMMENT '添加时间',
  `update_time` datetime(0) NULL DEFAULT NULL,
  PRIMARY KEY (`id`) USING BTREE
) ENGINE = MyISAM AUTO_INCREMENT = 3 CHARACTER SET = utf8 COLLATE = utf8_general_ci COMMENT = '版本信息表' ROW_FORMAT = Dynamic;

-- ----------------------------
-- Records of amn_payment_version
-- ----------------------------
INSERT INTO `amn_payment_version` VALUES (1, '1.0.0', 'DefaultVersion', '默认接口', 1, 0, '2019-02-01 13:48:48', NULL);
INSERT INTO `amn_payment_version` VALUES (2, '1.0.1', 'TestVersion', '测试', 1, 0, '2019-03-18 13:29:35', NULL);

-- ----------------------------
-- Table structure for amn_system_bank
-- ----------------------------
DROP TABLE IF EXISTS `amn_system_bank`;
CREATE TABLE `amn_system_bank`  (
  `id` int(0) UNSIGNED NOT NULL AUTO_INCREMENT,
  `bankname` varchar(255) CHARACTER SET utf8mb4 COLLATE utf8mb4_general_ci NULL DEFAULT NULL COMMENT '系统银行名称',
  `bankcode` varchar(255) CHARACTER SET utf8mb4 COLLATE utf8mb4_general_ci NULL DEFAULT NULL COMMENT '系统银行编码',
  `type_pay` tinyint(0) NULL DEFAULT 0 COMMENT '是否交易银行 1 是 0 否',
  `type_settle` tinyint(0) NULL DEFAULT 0 COMMENT '是否结算银行 1是 0否',
  `create_time` datetime(0) NULL DEFAULT NULL,
  `update_time` datetime(0) NULL DEFAULT NULL,
  PRIMARY KEY (`id`) USING BTREE
) ENGINE = InnoDB CHARACTER SET = utf8mb4 COLLATE = utf8mb4_general_ci ROW_FORMAT = Dynamic;

-- ----------------------------
-- Table structure for amn_trade_amount
-- ----------------------------
DROP TABLE IF EXISTS `amn_trade_amount`;
CREATE TABLE `amn_trade_amount`  (
  `id` int(0) UNSIGNED NOT NULL AUTO_INCREMENT,
  `trade_list_id` int(0) NOT NULL COMMENT '交易订单ID',
  `orderid_amount` decimal(15, 4) NOT NULL COMMENT '订单金额(提交金额)',
  `real_orderid_amount` decimal(15, 4) NOT NULL COMMENT '订单金额(实际支付金额)',
  `charges_orderid_amount` decimal(15, 4) NOT NULL COMMENT '订单手续费',
  `rate_orderid_amount` decimal(9, 8) NOT NULL COMMENT '订单手续费-费率',
  `freeze_orderid_amount` decimal(15, 4) NULL DEFAULT 0.0000 COMMENT '冻结金额',
  `charges_inside_qutside` tinyint(0) UNSIGNED NOT NULL DEFAULT 0 COMMENT '手续费内外扣，  0内扣，1外扣',
  `create_time` datetime(0) NULL DEFAULT NULL COMMENT '数据创建时间',
  `update_time` datetime(0) NULL DEFAULT NULL COMMENT '数据最后一次编辑时间',
  PRIMARY KEY (`id`) USING BTREE,
  UNIQUE INDEX `ux_id`(`id`) USING BTREE,
  UNIQUE INDEX `ux_trade_list_id`(`trade_list_id`) USING BTREE,
  INDEX `ind_orderid_amount`(`orderid_amount`) USING BTREE,
  INDEX `ind_real_orderid_amount`(`real_orderid_amount`) USING BTREE,
  INDEX `ind_charges_orderid_amount`(`charges_orderid_amount`) USING BTREE,
  INDEX `ind_rate_orderid_amount`(`rate_orderid_amount`) USING BTREE,
  INDEX `ind_freeze_orderid_amount`(`freeze_orderid_amount`) USING BTREE,
  INDEX `ind_charges_inside_qutside`(`charges_inside_qutside`) USING BTREE
) ENGINE = InnoDB CHARACTER SET = utf8mb4 COLLATE = utf8mb4_unicode_ci ROW_FORMAT = Dynamic;

-- ----------------------------
-- Table structure for amn_trade_channel
-- ----------------------------
DROP TABLE IF EXISTS `amn_trade_channel`;
CREATE TABLE `amn_trade_channel`  (
  `id` int(0) UNSIGNED NOT NULL AUTO_INCREMENT,
  `trade_list_id` int(0) NULL DEFAULT NULL COMMENT '交易记录ID',
  `payment_channel_merchant_id` int(0) NULL DEFAULT NULL COMMENT '通道商家ID',
  `payment_channel_merchant_name` varchar(255) CHARACTER SET utf8mb4 COLLATE utf8mb4_unicode_ci NULL DEFAULT NULL COMMENT '通道商家名称',
  `payment_channel_id` int(0) NULL DEFAULT NULL COMMENT '通道ID',
  `payment_channel_name` varchar(255) CHARACTER SET utf8mb4 COLLATE utf8mb4_unicode_ci NULL DEFAULT NULL COMMENT '通道名称',
  `payment_channel_class_id` int(0) NULL DEFAULT NULL COMMENT '通道分类ID',
  `payment_channel_class_name` varchar(255) CHARACTER SET utf8mb4 COLLATE utf8mb4_unicode_ci NULL DEFAULT NULL COMMENT '通道分类名称',
  `payment_account_id` int(0) NULL DEFAULT NULL COMMENT '通道账号ID',
  `payment_account_name` varchar(255) CHARACTER SET utf8mb4 COLLATE utf8mb4_unicode_ci NULL DEFAULT NULL COMMENT '通道账号名称',
  `create_time` datetime(0) NULL DEFAULT NULL COMMENT '数据创建时间',
  `update_time` datetime(0) NULL DEFAULT NULL COMMENT '数据最后一次编辑时间',
  PRIMARY KEY (`id`) USING BTREE,
  UNIQUE INDEX `ux_id`(`id`) USING BTREE,
  UNIQUE INDEX `ux_trade_list_id`(`trade_list_id`) USING BTREE,
  INDEX `ind_payment_channel_merchant_id`(`payment_channel_merchant_id`) USING BTREE,
  INDEX `ind_payment_channel_id`(`payment_channel_id`) USING BTREE,
  INDEX `ind_payment_channel_class_id`(`payment_channel_class_id`) USING BTREE,
  INDEX `ind_payment_account_id`(`payment_account_id`) USING BTREE
) ENGINE = InnoDB CHARACTER SET = utf8mb4 COLLATE = utf8mb4_unicode_ci ROW_FORMAT = Dynamic;

-- ----------------------------
-- Table structure for amn_trade_data
-- ----------------------------
DROP TABLE IF EXISTS `amn_trade_data`;
CREATE TABLE `amn_trade_data`  (
  `id` int(0) NOT NULL,
  `trade_list_id` int(0) NULL DEFAULT NULL COMMENT '交易订单ID',
  `data_type` tinyint(0) NULL DEFAULT NULL COMMENT '数据类型 \r\n1 用户提交我方的数据 \r\n2 我方提交上游数据 \r\n3上游响应我方数据 \r\n4 上游同步跳转回调我方数据 \r\n5 上游异步回调我方数据',
  `data_content` text CHARACTER SET utf8mb4 COLLATE utf8mb4_unicode_ci NULL COMMENT '数据具体内容',
  `create_time` datetime(0) NULL DEFAULT NULL COMMENT '数据创建时间',
  `update_time` datetime(0) NULL DEFAULT NULL COMMENT '数据最后一次编辑时间',
  PRIMARY KEY (`id`) USING BTREE,
  UNIQUE INDEX `ux_id`(`id`) USING BTREE,
  UNIQUE INDEX `ux_trade_list_id`(`trade_list_id`) USING BTREE,
  INDEX `ind_data_type`(`data_type`) USING BTREE
) ENGINE = InnoDB CHARACTER SET = utf8mb4 COLLATE = utf8mb4_unicode_ci ROW_FORMAT = Dynamic;

-- ----------------------------
-- Table structure for amn_trade_list
-- ----------------------------
DROP TABLE IF EXISTS `amn_trade_list`;
CREATE TABLE `amn_trade_list`  (
  `id` int(0) UNSIGNED NOT NULL AUTO_INCREMENT,
  `user_id` int(0) NULL DEFAULT NULL COMMENT '用户ID',
  `system_orderid` varchar(100) CHARACTER SET utf8mb4 COLLATE utf8mb4_unicode_ci NOT NULL COMMENT '系统订单号',
  `user_orderid` varchar(100) CHARACTER SET utf8mb4 COLLATE utf8mb4_unicode_ci NOT NULL COMMENT '用户订单号',
  `trade_status` tinyint(0) UNSIGNED NOT NULL DEFAULT 0 COMMENT '订单状态 0  未处理 1已付未返  2 已付已返',
  `trade_type` tinyint(0) NULL DEFAULT NULL COMMENT '订单类型 0 正常交易 1测试',
  `trade_apply_datetime` datetime(0) NULL DEFAULT NULL COMMENT '交易申请时间',
  `trade_success_datetime` datetime(0) NULL DEFAULT NULL COMMENT '交易完成时间',
  `create_time` datetime(0) NULL DEFAULT NULL COMMENT '数据创建时间',
  `update_time` datetime(0) NULL DEFAULT NULL COMMENT '数据最后一次编辑时间',
  `extend` varchar(5000) CHARACTER SET utf8mb4 COLLATE utf8mb4_unicode_ci NULL DEFAULT NULL COMMENT '扩展字段',
  `callbackurl` varchar(1000) CHARACTER SET utf8mb4 COLLATE utf8mb4_unicode_ci NULL DEFAULT NULL COMMENT '同步跳转回调地址',
  `notifyurl` varchar(1000) CHARACTER SET utf8mb4 COLLATE utf8mb4_unicode_ci NULL DEFAULT NULL COMMENT '异步回调跳转地址',
  PRIMARY KEY (`id`) USING BTREE,
  UNIQUE INDEX `ux_id`(`id`) USING BTREE,
  UNIQUE INDEX `ux_system_orderid`(`system_orderid`) USING BTREE,
  UNIQUE INDEX `ux_system_user_orderid`(`system_orderid`, `user_orderid`) USING BTREE,
  UNIQUE INDEX `ux_user_id_user_orderid`(`user_id`, `user_orderid`) USING BTREE,
  INDEX `ind_trade_status`(`trade_status`) USING BTREE,
  INDEX `ind_trade_apply_datetime`(`trade_apply_datetime`) USING BTREE,
  INDEX `ind_trade_success_datetime`(`trade_success_datetime`) USING BTREE,
  INDEX `ind_trade_type`(`trade_type`) USING BTREE,
  INDEX `ind_user_id`(`user_id`) USING BTREE
) ENGINE = InnoDB CHARACTER SET = utf8mb4 COLLATE = utf8mb4_unicode_ci ROW_FORMAT = Dynamic;

-- ----------------------------
-- Table structure for amn_user
-- ----------------------------
DROP TABLE IF EXISTS `amn_user`;
CREATE TABLE `amn_user`  (
  `id` int(0) UNSIGNED NOT NULL AUTO_INCREMENT COMMENT '主键',
  `username` varchar(100) CHARACTER SET utf8 COLLATE utf8_general_ci NOT NULL COMMENT '用户名',
  `bieming` varchar(100) CHARACTER SET utf8 COLLATE utf8_general_ci NOT NULL DEFAULT '' COMMENT '用户别名',
  `usercode` varchar(255) CHARACTER SET utf8 COLLATE utf8_general_ci NULL DEFAULT NULL COMMENT '用户标识（充值时识别用户）',
  `usertype` tinyint(0) UNSIGNED NOT NULL DEFAULT 0 COMMENT '用户类型',
  `status` tinyint(0) UNSIGNED NOT NULL DEFAULT 2 COMMENT '状态，未激活，正常，禁用',
  `authentication` tinyint(0) NOT NULL DEFAULT 1 COMMENT '是否已认证：1=未认证；2=审核中；3=已认证',
  `superiorid` int(0) UNSIGNED NOT NULL DEFAULT 0 COMMENT '上级ID',
  `regdatetime` datetime(0) NOT NULL COMMENT '注册时间',
  `setlle_status` tinyint(1) NULL DEFAULT 0 COMMENT '结算状态 0 开启 1关闭',
  `pay_status` tinyint(0) UNSIGNED NOT NULL DEFAULT 0 COMMENT '交易开关 0:开启 1:关闭',
  `version_id` varchar(255) CHARACTER SET utf8 COLLATE utf8_general_ci NOT NULL DEFAULT '' COMMENT '交易接口版本号id组',
  `settle_version` varchar(255) CHARACTER SET utf8 COLLATE utf8_general_ci NOT NULL DEFAULT '' COMMENT '结算接口版本id组',
  `test_status` tinyint(0) UNSIGNED NOT NULL DEFAULT 1 COMMENT '1 正常状态   0 测试状态',
  `same_user` tinyint(0) UNSIGNED NOT NULL DEFAULT 0 COMMENT '是否允许同一账号登录：0=开启；1=关闭',
  `create_time` datetime(0) NULL DEFAULT NULL,
  `update_time` datetime(0) NULL DEFAULT NULL,
  PRIMARY KEY (`id`) USING BTREE,
  UNIQUE INDEX `username`(`username`) USING BTREE,
  INDEX `id`(`id`) USING BTREE
) ENGINE = InnoDB AUTO_INCREMENT = 29 CHARACTER SET = utf8 COLLATE = utf8_general_ci COMMENT = '用户表' ROW_FORMAT = Compact;

-- ----------------------------
-- Records of amn_user
-- ----------------------------
INSERT INTO `amn_user` VALUES (1, 'zyzyzzy', '张杨', 'oNaJD4iL4JG8Z2wZPQCrZdmzLcZhmGt3', 2, 2, 3, 2, '2018-08-01 13:20:05', 0, 0, '1', '1', 1, 0, NULL, NULL);
INSERT INTO `amn_user` VALUES (2, 'amnpay', '爱码农', 'dLXOco9hErbgzuDP2aF4y36BunpXFpsL', 1, 2, 3, 0, '2019-03-06 13:53:40', 0, 0, '', '', 1, 0, NULL, NULL);
INSERT INTO `amn_user` VALUES (7, '普通用户', '普通用户', 'KBSm7ZEqfLltCilE4sMJFz3iBiupGOTS', 1, 2, 2, 2, '2019-03-07 17:43:17', 0, 0, '', '', 1, 0, NULL, NULL);
INSERT INTO `amn_user` VALUES (10, '任梦龙测试', 'rml', 'qV2EY3CK9riMZBrrER98QrxYxiEo6y1V', 1, 2, 3, 11, '2019-03-08 19:56:59', 0, 0, '1,2', '1', 1, 0, NULL, NULL);
INSERT INTO `amn_user` VALUES (11, 'brittany', '小桂子', 'TqKSTu1bm6DoTdngWlKg5dVXsd7ULvjx', 2, 2, 3, 1, '2019-04-08 09:37:31', 0, 0, '1', '', 1, 1, NULL, NULL);
INSERT INTO `amn_user` VALUES (13, 'suake', '小怪兽', 'Wm3FQXAXjaTtvVJZwXr92CIrqk8eSOme', 3, 2, 1, 0, '2019-04-11 13:35:30', 0, 0, '', '', 1, 0, NULL, NULL);
INSERT INTO `amn_user` VALUES (14, 'lumingfei', '123', 'bT5kHb3TifegZ6RuBrWcuqmuhut6v9xt', 1, 2, 1, 1, '2019-04-11 14:02:23', 0, 0, '', '', 1, 0, NULL, NULL);
INSERT INTO `amn_user` VALUES (15, 'xiaoming', 'yasuo', 'feOd97SOLrAqc434eQR5aaBzJSfK89eU', 2, 2, 3, 0, '2019-04-11 14:23:17', 0, 0, '', '', 1, 0, NULL, NULL);
INSERT INTO `amn_user` VALUES (16, 'user001', 'u001', 'C9wyIpV3tbAMDEKhc7zRKVCI35vUsqT3', 2, 2, 1, 0, '2019-05-20 08:51:10', 0, 0, '', '', 1, 0, NULL, NULL);
INSERT INTO `amn_user` VALUES (17, 'user002', 'u002', 'ucXZrUwZRXIfpXUROinKKlVHd3vIvphW', 2, 2, 1, 0, '2019-05-20 08:52:35', 0, 0, '', '', 1, 0, NULL, NULL);
INSERT INTO `amn_user` VALUES (18, 'user003', 'u003', 'WokSbcD6Xy5CTrdyDrx5pU4MkOh8eoVx', 2, 2, 1, 0, '2019-05-20 08:52:54', 0, 0, '', '', 1, 0, NULL, NULL);
INSERT INTO `amn_user` VALUES (19, '111', '12321', '84nGmO2wHsS8pOuIirbUGQYk4jyO89ys', 1, 2, 1, 0, '2019-06-01 12:22:18', 0, 0, '1,2', '1,3', 1, 0, NULL, NULL);
INSERT INTO `amn_user` VALUES (21, 'a', '', '6qZ2ng5qCLqoKbUt5PIKR433xulmYct4', 1, 2, 1, 0, '2019-06-26 15:11:46', 0, 0, '', '', 1, 0, NULL, NULL);
INSERT INTO `amn_user` VALUES (22, 'asdsa', '', 'AzpgvtOjC8saUPmeDRizaf4yoMMdpfKj', 1, 2, 1, 0, '2019-06-26 16:03:13', 0, 0, '', '', 1, 0, NULL, NULL);
INSERT INTO `amn_user` VALUES (23, 'qwqwq', '', 'RaeCvJoNdZ5DA2SbX7kXIfV3CEjikygn', 1, 2, 3, 0, '2019-06-26 16:14:08', 0, 0, '', '', 1, 0, NULL, NULL);
INSERT INTO `amn_user` VALUES (24, 'q96333', '', 'Sp4YCyo2DvwABWbj4xMmQI5Q66tQ2ZX6', 1, 2, 1, 16, '2019-07-07 23:23:48', 0, 0, '', '', 1, 0, NULL, NULL);
INSERT INTO `amn_user` VALUES (25, 'macheng', '', 'BQv77ccWVyeRBtmAMS8gv4H8zS7HZwGE', 1, 2, 1, 0, '2019-07-08 08:11:22', 0, 0, '', '', 1, 0, NULL, NULL);
INSERT INTO `amn_user` VALUES (26, 'wx_rml', '', 'he1oXvGjecsU94mJ9SOAxlI8UQCmSexM', 1, 2, 1, 0, '2019-07-12 14:16:45', 0, 0, '', '', 1, 0, NULL, NULL);
INSERT INTO `amn_user` VALUES (27, '441420648', '', 'Lr9mMdeNMXvgG9MMpnWM97vF9fm8slEV', 1, 2, 1, 0, '2019-07-16 09:07:09', 0, 0, '', '', 1, 0, NULL, NULL);
INSERT INTO `amn_user` VALUES (28, '20190719', '', 'uNvceXVP5wbZSMJEaM9WGhmFwOlWQQVz', 1, 2, 1, 0, '2019-07-19 18:33:24', 0, 0, '', '', 1, 0, NULL, NULL);
INSERT INTO `amn_user` VALUES (29, 'rml', 'rml', 'TmkAdRGXQgkXu3LJX7r4H9kWfx4VKkOR', 1, 2, 1, 0, '2019-07-25 20:17:07', 0, 0, '', '', 1, 0, NULL, NULL);

-- ----------------------------
-- Table structure for amn_user_ip
-- ----------------------------
DROP TABLE IF EXISTS `amn_user_ip`;
CREATE TABLE `amn_user_ip`  (
  `id` int(0) UNSIGNED NOT NULL AUTO_INCREMENT,
  `user_id` int(0) NULL DEFAULT NULL COMMENT '用户ID',
  `memberid` varchar(0) CHARACTER SET utf8mb4 COLLATE utf8mb4_general_ci NULL DEFAULT NULL COMMENT '用户编号',
  `login_white_list_ip` varchar(1000) CHARACTER SET utf8mb4 COLLATE utf8mb4_general_ci NULL DEFAULT NULL COMMENT '用户登录IP白名单',
  `login_black_list_ip` varchar(1000) CHARACTER SET utf8mb4 COLLATE utf8mb4_general_ci NULL DEFAULT NULL COMMENT '用户登录IP黑名单',
  `pay_white_list_ip` varchar(1000) CHARACTER SET utf8mb4 COLLATE utf8mb4_general_ci NULL DEFAULT NULL COMMENT '用户支付IP白名单',
  `pay_black_list_ip` varchar(1000) CHARACTER SET utf8mb4 COLLATE utf8mb4_general_ci NULL DEFAULT NULL COMMENT '用户支付IP黑名单',
  `create_time` datetime(0) NULL DEFAULT NULL,
  `update_time` datetime(0) NULL DEFAULT NULL,
  PRIMARY KEY (`id`) USING BTREE
) ENGINE = InnoDB AUTO_INCREMENT = 2 CHARACTER SET = utf8mb4 COLLATE = utf8mb4_general_ci ROW_FORMAT = Dynamic;

-- ----------------------------
-- Records of amn_user_ip
-- ----------------------------
INSERT INTO `amn_user_ip` VALUES (2, 1, '', '', '', '', '', '2020-10-18 01:11:32', '2020-10-18 01:11:32');

-- ----------------------------
-- Table structure for amn_user_payment_account
-- ----------------------------
DROP TABLE IF EXISTS `amn_user_payment_account`;
CREATE TABLE `amn_user_payment_account`  (
  `id` int(0) UNSIGNED NOT NULL AUTO_INCREMENT COMMENT '主键',
  `payment_account_id` int(0) UNSIGNED NOT NULL COMMENT '通道账号id',
  `user_payment_channel_class_id` int(0) UNSIGNED NOT NULL COMMENT 'user_payment_channel_class 表的id',
  PRIMARY KEY (`id`) USING BTREE
) ENGINE = InnoDB AUTO_INCREMENT = 136 CHARACTER SET = utf8 COLLATE = utf8_general_ci COMMENT = '用户通道账号表' ROW_FORMAT = Dynamic;

-- ----------------------------
-- Records of amn_user_payment_account
-- ----------------------------
INSERT INTO `amn_user_payment_account` VALUES (136, 31, 184);

-- ----------------------------
-- Table structure for amn_user_payment_channel_class
-- ----------------------------
DROP TABLE IF EXISTS `amn_user_payment_channel_class`;
CREATE TABLE `amn_user_payment_channel_class`  (
  `id` int(0) UNSIGNED NOT NULL AUTO_INCREMENT COMMENT '主键',
  `payment_channel_class_id` int(0) UNSIGNED NOT NULL DEFAULT 0 COMMENT '通道分类id',
  `user_id` int(0) UNSIGNED NOT NULL DEFAULT 0 COMMENT '用户id',
  `payment_channel_id` int(0) UNSIGNED NOT NULL DEFAULT 0 COMMENT '通道id',
  `defaultpayapiaccount_id` int(0) UNSIGNED NOT NULL DEFAULT 0 COMMENT '默认账号id',
  `order_feilv` decimal(15, 4) NULL DEFAULT NULL COMMENT '用户的通道费率',
  `order_min_feilv` decimal(15, 4) NULL DEFAULT NULL COMMENT '交易最小费率',
  `qrcode` tinyint(0) NULL DEFAULT 0 COMMENT '用户扫码时直接返回二维码地址还是直接进入扫码模板:0应用扫码模板 1:直接返回地址',
  `qrcode_template_id` int(0) NULL DEFAULT NULL COMMENT '扫码模板id',
  PRIMARY KEY (`id`) USING BTREE,
  UNIQUE INDEX `payapiclassid`(`payment_channel_class_id`, `user_id`, `payment_channel_id`) USING BTREE
) ENGINE = MyISAM AUTO_INCREMENT = 188 CHARACTER SET = utf8 COLLATE = utf8_general_ci COMMENT = '用户通道表' ROW_FORMAT = Fixed;

-- ----------------------------
-- Records of amn_user_payment_channel_class
-- ----------------------------
INSERT INTO `amn_user_payment_channel_class` VALUES (184, 26, 1, 15, 0, 0.2000, 0.0000, 0, NULL);

-- ----------------------------
-- Table structure for amn_user_secretkey
-- ----------------------------
DROP TABLE IF EXISTS `amn_user_secretkey`;
CREATE TABLE `amn_user_secretkey`  (
  `id` int(0) NOT NULL AUTO_INCREMENT COMMENT '主键',
  `user_id` int(0) UNSIGNED NOT NULL COMMENT '用户id',
  `memberid` varchar(100) CHARACTER SET utf8 COLLATE utf8_general_ci NULL DEFAULT NULL COMMENT '商户号',
  `md5str` varchar(300) CHARACTER SET utf8 COLLATE utf8_general_ci NULL DEFAULT NULL COMMENT '用户MD5密钥',
  `sys_publickey` text CHARACTER SET utf8 COLLATE utf8_general_ci NULL COMMENT '系统公钥',
  `sys_privatekey` text CHARACTER SET utf8 COLLATE utf8_general_ci NULL COMMENT '系统私钥',
  `user_publickey` text CHARACTER SET utf8 COLLATE utf8_general_ci NULL COMMENT '用户公钥',
  `user_privatekey` text CHARACTER SET utf8 COLLATE utf8_general_ci NOT NULL COMMENT '用户私钥',
  `sys_publickey_path` varchar(2000) CHARACTER SET utf8 COLLATE utf8_general_ci NOT NULL DEFAULT '' COMMENT '系统公钥路径',
  `sys_privatekey_path` varchar(2000) CHARACTER SET utf8 COLLATE utf8_general_ci NOT NULL DEFAULT '' COMMENT '系统私钥路径',
  `create_time` datetime(0) NOT NULL,
  `update_time` datetime(0) NULL DEFAULT NULL,
  PRIMARY KEY (`id`) USING BTREE,
  UNIQUE INDEX `ux_id`(`id`) USING BTREE,
  UNIQUE INDEX `ux_user_id`(`user_id`) USING BTREE,
  UNIQUE INDEX `ux_memberid`(`memberid`) USING BTREE
) ENGINE = InnoDB AUTO_INCREMENT = 25 CHARACTER SET = utf8 COLLATE = utf8_general_ci COMMENT = '用户密钥表' ROW_FORMAT = Dynamic;

-- ----------------------------
-- Records of amn_user_secretkey
-- ----------------------------
INSERT INTO `amn_user_secretkey` VALUES (1, 1, '10001', '2JXQBG13TAUNKRYVME', 'MIIBIjANBgkqhkiG9w0BAQEFAAOCAQ8AMIIBCgKCAQEAulySsPtACNBHXFsgAPFi\nGKzu0yqPZIZskPJC9c5Ondt2qtZLfJIYZRGL9kdL W4ji3sTnpqBg3TuY5BujsJN\n7BjWwUU59Bkw7y mLaMUAuVutfYlUmqp5gzBKW38dR8FqSHsczmjR3wjucegdvyN\nlXvXNDgk wgBYx1KfdqCeeiPMgHjAh4aPdy299P0xgjrOOk9ut43MUVDqyr5PljG\nJFPWNMWCIGAxt4weUpdr9boMCOEMH6RuXCWc7Yqjqm39IcvGhkxfkZSCMSwBRbfA\nDEKOP8zJnB8PBwyon ClXUqYCF pAO0vAskVW40a5XJMqZyLD6vDmX/DHwE M5Pt\nJQIDAQAB', 'MIIEowIBAAKCAQEAulySsPtACNBHXFsgAPFiGKzu0yqPZIZskPJC9c5Ondt2qtZLfJIYZRGL9kdL+W4ji3sTnpqBg3TuY5BujsJN7BjWwUU59Bkw7y+mLaMUAuVutfYlUmqp5gzBKW38dR8FqSHsczmjR3wjucegdvyNlXvXNDgk+wgBYx1KfdqCeeiPMgHjAh4aPdy299P0xgjrOOk9ut43MUVDqyr5PljGJFPWNMWCIGAxt4weUpdr9boMCOEMH6RuXCWc7Yqjqm39IcvGhkxfkZSCMSwBRbfADEKOP8zJnB8PBwyon+ClXUqYCF+pAO0vAskVW40a5XJMqZyLD6vDmX/DHwE+M5PtJQIDAQABAoIBAEh1+iuKZamHoleMrvLu6B+EDhBZOgvyIIBzUgnVP8gtLwTZ8dvrykRyACOwMSA47OUs48IFfVopuw9Hd1VWw4mLVuUrD4+Tw+0cb9bK09sUbmmd3YEgLBNg3jJHq6O2fjL3F8LtpEkFQbbYodHh/QMkdda+BdL9l9x75RzuO1E+q6NmefQbEkfbLkAh1gkUpmxq6AeY4v+MGcauV4IAdurAKOhFNoTwXYKnwDACArseCmnoK3c6YgykM43MbPEEkqdt/Ew84Wi2OOhQjYJX+qLw3dTyREwvDxLBdIBh85ibjsKXFezyWqnk+7pSn+fgKG8+J7IbADracOvZmX+300ECgYEA2yPJIoNEO9xHeTMtc9HpBoZqpgJiZntz0X5G8NBWqIEsPPVP92syrLpLC38JG2cTDCPuC6u8MXGutn1W9qonlp7aQMYIh0RVqh7RHBbffwrvEaiJX5+pjAP15Q4ED7BOEf0YWDTIzGzhdI2RCP9Pa4BrLaLp4XmqqcKQfGQLPNkCgYEA2bVZ1LPs6Z+ssDPXkXXlWTQeYn2Aq/TblFhUbdqRpe70C16fICeyYy7pFFsZRIz08Yx5v8fbC1txVSDlghGZhuFz4tZ+5pJT3V7p0Nca/eL4nsAM4+dT/BJqDie6WNmKTa7LN+wlmDXTUXxntClyJEvd5Arwg8+i1GFWe4NzMy0CgYEA2WoWuswbXXx92OyCkt9W32dq1guVjvG6hcVQIsnAwGtv9Ya48NOFMkOeAujloy9PgYMAQMoA69lLKrkOF6nXnyM5jHwtp+6PQzpR4xl6YfP6Hr3klV+1+jlPtBKEyv/zZPuDNLgh5Fe+E0IE/DU5mYGOVHfGrTJltQlZCmDDmXkCgYByFMvb3+TXj2qIcsIVYTgrhFoftjBE62xc0eR8JDqKPyr3AkBUMzkRLDXLCum0uEBqivgJfQrVard6qmBZxiszONTnGwsoe6kiqWfQncdxHwy082JN0px5zJRyknLduDD3AA9RYJdaqWnwm0YkbEt5pZ/CrdDW4Wkr7U3KL1mgiQKBgHWLb0Bm171rGOPx8X/w+4k6apw/PTJ2T35j1teSFZ6fYzjJn1RHX1PseuR7MGTz/4DX5VOUWr3wCk5rvP/lyNBAYU3NN44cXDRO1t4WKxd/hlJsqENeUJ0rBDut8z3YkgISkUACqOYSnEJx+wlCrYjhuoHa7tl+iaCyrJcU22FE', 'MIIBIjANBgkqhkiG9w0BAQEFAAOCAQ8AMIIBCgKCAQEAulySsPtACNBHXFsgAPFiGKzu0yqPZIZskPJC9c5Ondt2qtZLfJIYZRGL9kdL+W4ji3sTnpqBg3TuY5BujsJN7BjWwUU59Bkw7y+mLaMUAuVutfYlUmqp5gzBKW38dR8FqSHsczmjR3wjucegdvyNlXvXNDgk+wgBYx1KfdqCeeiPMgHjAh4aPdy299P0xgjrOOk9ut43MUVDqyr5PljGJFPWNMWCIGAxt4weUpdr9boMCOEMH6RuXCWc7Yqjqm39IcvGhkxfkZSCMSwBRbfADEKOP8zJnB8PBwyon+ClXUqYCF+pAO0vAskVW40a5XJMqZyLD6vDmX/DHwE+M5PtJQIDAQAB', '', '', '', '0000-00-00 00:00:00', NULL);
INSERT INTO `amn_user_secretkey` VALUES (2, 2, '10002', NULL, '', '', NULL, '', '', '', '0000-00-00 00:00:00', NULL);
INSERT INTO `amn_user_secretkey` VALUES (7, 7, NULL, NULL, '', '', NULL, '', '', '', '0000-00-00 00:00:00', NULL);
INSERT INTO `amn_user_secretkey` VALUES (8, 10, '1910180710', 'L13S0NATZDW42ROHEY', 'MIIEowIBAAKCAQEAulySsPtACNBHXFsgAPFiGKzu0yqPZIZskPJC9c5Ondt2qtZLfJIYZRGL9kdL+W4ji3sTnpqBg3TuY5BujsJN7BjWwUU59Bkw7y+mLaMUAuVutfYlUmqp5gzBKW38dR8FqSHsczmjR3wjucegdvyNlXvXNDgk+wgBYx1KfdqCeeiPMgHjAh4aPdy299P0xgjrOOk9ut43MUVDqyr5PljGJFPWNMWCIGAxt4weUpdr9boMCOEMH6RuXCWc7Yqjqm39IcvGhkxfkZSCMSwBRbfADEKOP8zJnB8PBwyon+ClXUqYCF+pAO0vAskVW40a5XJMqZyLD6vDmX/DHwE+M5PtJQIDAQABAoIBAEh1+iuKZamHoleMrvLu6B+EDhBZOgvyIIBzUgnVP8gtLwTZ8dvrykRyACOwMSA47OUs48IFfVopuw9Hd1VWw4mLVuUrD4+Tw+0cb9bK09sUbmmd3YEgLBNg3jJHq6O2fjL3F8LtpEkFQbbYodHh/QMkdda+BdL9l9x75RzuO1E+q6NmefQbEkfbLkAh1gkUpmxq6AeY4v+MGcauV4IAdurAKOhFNoTwXYKnwDACArseCmnoK3c6YgykM43MbPEEkqdt/Ew84Wi2OOhQjYJX+qLw3dTyREwvDxLBdIBh85ibjsKXFezyWqnk+7pSn+fgKG8+J7IbADracOvZmX+300ECgYEA2yPJIoNEO9xHeTMtc9HpBoZqpgJiZntz0X5G8NBWqIEsPPVP92syrLpLC38JG2cTDCPuC6u8MXGutn1W9qonlp7aQMYIh0RVqh7RHBbffwrvEaiJX5+pjAP15Q4ED7BOEf0YWDTIzGzhdI2RCP9Pa4BrLaLp4XmqqcKQfGQLPNkCgYEA2bVZ1LPs6Z+ssDPXkXXlWTQeYn2Aq/TblFhUbdqRpe70C16fICeyYy7pFFsZRIz08Yx5v8fbC1txVSDlghGZhuFz4tZ+5pJT3V7p0Nca/eL4nsAM4+dT/BJqDie6WNmKTa7LN+wlmDXTUXxntClyJEvd5Arwg8+i1GFWe4NzMy0CgYEA2WoWuswbXXx92OyCkt9W32dq1guVjvG6hcVQIsnAwGtv9Ya48NOFMkOeAujloy9PgYMAQMoA69lLKrkOF6nXnyM5jHwtp+6PQzpR4xl6YfP6Hr3klV+1+jlPtBKEyv/zZPuDNLgh5Fe+E0IE/DU5mYGOVHfGrTJltQlZCmDDmXkCgYByFMvb3+TXj2qIcsIVYTgrhFoftjBE62xc0eR8JDqKPyr3AkBUMzkRLDXLCum0uEBqivgJfQrVard6qmBZxiszONTnGwsoe6kiqWfQncdxHwy082JN0px5zJRyknLduDD3AA9RYJdaqWnwm0YkbEt5pZ/CrdDW4Wkr7U3KL1mgiQKBgHWLb0Bm171rGOPx8X/w+4k6apw/PTJ2T35j1teSFZ6fYzjJn1RHX1PseuR7MGTz/4DX5VOUWr3wCk5rvP/lyNBAYU3NN44cXDRO1t4WKxd/hlJsqENeUJ0rBDut8z3YkgISkUACqOYSnEJx+wlCrYjhuoHa7tl+iaCyrJcU22FE', 'MIIEowIBAAKCAQEAulySsPtACNBHXFsgAPFiGKzu0yqPZIZskPJC9c5Ondt2qtZLfJIYZRGL9kdL+W4ji3sTnpqBg3TuY5BujsJN7BjWwUU59Bkw7y+mLaMUAuVutfYlUmqp5gzBKW38dR8FqSHsczmjR3wjucegdvyNlXvXNDgk+wgBYx1KfdqCeeiPMgHjAh4aPdy299P0xgjrOOk9ut43MUVDqyr5PljGJFPWNMWCIGAxt4weUpdr9boMCOEMH6RuXCWc7Yqjqm39IcvGhkxfkZSCMSwBRbfADEKOP8zJnB8PBwyon+ClXUqYCF+pAO0vAskVW40a5XJMqZyLD6vDmX/DHwE+M5PtJQIDAQABAoIBAEh1+iuKZamHoleMrvLu6B+EDhBZOgvyIIBzUgnVP8gtLwTZ8dvrykRyACOwMSA47OUs48IFfVopuw9Hd1VWw4mLVuUrD4+Tw+0cb9bK09sUbmmd3YEgLBNg3jJHq6O2fjL3F8LtpEkFQbbYodHh/QMkdda+BdL9l9x75RzuO1E+q6NmefQbEkfbLkAh1gkUpmxq6AeY4v+MGcauV4IAdurAKOhFNoTwXYKnwDACArseCmnoK3c6YgykM43MbPEEkqdt/Ew84Wi2OOhQjYJX+qLw3dTyREwvDxLBdIBh85ibjsKXFezyWqnk+7pSn+fgKG8+J7IbADracOvZmX+300ECgYEA2yPJIoNEO9xHeTMtc9HpBoZqpgJiZntz0X5G8NBWqIEsPPVP92syrLpLC38JG2cTDCPuC6u8MXGutn1W9qonlp7aQMYIh0RVqh7RHBbffwrvEaiJX5+pjAP15Q4ED7BOEf0YWDTIzGzhdI2RCP9Pa4BrLaLp4XmqqcKQfGQLPNkCgYEA2bVZ1LPs6Z+ssDPXkXXlWTQeYn2Aq/TblFhUbdqRpe70C16fICeyYy7pFFsZRIz08Yx5v8fbC1txVSDlghGZhuFz4tZ+5pJT3V7p0Nca/eL4nsAM4+dT/BJqDie6WNmKTa7LN+wlmDXTUXxntClyJEvd5Arwg8+i1GFWe4NzMy0CgYEA2WoWuswbXXx92OyCkt9W32dq1guVjvG6hcVQIsnAwGtv9Ya48NOFMkOeAujloy9PgYMAQMoA69lLKrkOF6nXnyM5jHwtp+6PQzpR4xl6YfP6Hr3klV+1+jlPtBKEyv/zZPuDNLgh5Fe+E0IE/DU5mYGOVHfGrTJltQlZCmDDmXkCgYByFMvb3+TXj2qIcsIVYTgrhFoftjBE62xc0eR8JDqKPyr3AkBUMzkRLDXLCum0uEBqivgJfQrVard6qmBZxiszONTnGwsoe6kiqWfQncdxHwy082JN0px5zJRyknLduDD3AA9RYJdaqWnwm0YkbEt5pZ/CrdDW4Wkr7U3KL1mgiQKBgHWLb0Bm171rGOPx8X/w+4k6apw/PTJ2T35j1teSFZ6fYzjJn1RHX1PseuR7MGTz/4DX5VOUWr3wCk5rvP/lyNBAYU3NN44cXDRO1t4WKxd/hlJsqENeUJ0rBDut8z3YkgISkUACqOYSnEJx+wlCrYjhuoHa7tl+iaCyrJcU22FE', 'MIIEowIBAAKCAQEAulySsPtACNBHXFsgAPFiGKzu0yqPZIZskPJC9c5Ondt2qtZLfJIYZRGL9kdL+W4ji3sTnpqBg3TuY5BujsJN7BjWwUU59Bkw7y+mLaMUAuVutfYlUmqp5gzBKW38dR8FqSHsczmjR3wjucegdvyNlXvXNDgk+wgBYx1KfdqCeeiPMgHjAh4aPdy299P0xgjrOOk9ut43MUVDqyr5PljGJFPWNMWCIGAxt4weUpdr9boMCOEMH6RuXCWc7Yqjqm39IcvGhkxfkZSCMSwBRbfADEKOP8zJnB8PBwyon+ClXUqYCF+pAO0vAskVW40a5XJMqZyLD6vDmX/DHwE+M5PtJQIDAQABAoIBAEh1+iuKZamHoleMrvLu6B+EDhBZOgvyIIBzUgnVP8gtLwTZ8dvrykRyACOwMSA47OUs48IFfVopuw9Hd1VWw4mLVuUrD4+Tw+0cb9bK09sUbmmd3YEgLBNg3jJHq6O2fjL3F8LtpEkFQbbYodHh/QMkdda+BdL9l9x75RzuO1E+q6NmefQbEkfbLkAh1gkUpmxq6AeY4v+MGcauV4IAdurAKOhFNoTwXYKnwDACArseCmnoK3c6YgykM43MbPEEkqdt/Ew84Wi2OOhQjYJX+qLw3dTyREwvDxLBdIBh85ibjsKXFezyWqnk+7pSn+fgKG8+J7IbADracOvZmX+300ECgYEA2yPJIoNEO9xHeTMtc9HpBoZqpgJiZntz0X5G8NBWqIEsPPVP92syrLpLC38JG2cTDCPuC6u8MXGutn1W9qonlp7aQMYIh0RVqh7RHBbffwrvEaiJX5+pjAP15Q4ED7BOEf0YWDTIzGzhdI2RCP9Pa4BrLaLp4XmqqcKQfGQLPNkCgYEA2bVZ1LPs6Z+ssDPXkXXlWTQeYn2Aq/TblFhUbdqRpe70C16fICeyYy7pFFsZRIz08Yx5v8fbC1txVSDlghGZhuFz4tZ+5pJT3V7p0Nca/eL4nsAM4+dT/BJqDie6WNmKTa7LN+wlmDXTUXxntClyJEvd5Arwg8+i1GFWe4NzMy0CgYEA2WoWuswbXXx92OyCkt9W32dq1guVjvG6hcVQIsnAwGtv9Ya48NOFMkOeAujloy9PgYMAQMoA69lLKrkOF6nXnyM5jHwtp+6PQzpR4xl6YfP6Hr3klV+1+jlPtBKEyv/zZPuDNLgh5Fe+E0IE/DU5mYGOVHfGrTJltQlZCmDDmXkCgYByFMvb3+TXj2qIcsIVYTgrhFoftjBE62xc0eR8JDqKPyr3AkBUMzkRLDXLCum0uEBqivgJfQrVard6qmBZxiszONTnGwsoe6kiqWfQncdxHwy082JN0px5zJRyknLduDD3AA9RYJdaqWnwm0YkbEt5pZ/CrdDW4Wkr7U3KL1mgiQKBgHWLb0Bm171rGOPx8X/w+4k6apw/PTJ2T35j1teSFZ6fYzjJn1RHX1PseuR7MGTz/4DX5VOUWr3wCk5rvP/lyNBAYU3NN44cXDRO1t4WKxd/hlJsqENeUJ0rBDut8z3YkgISkUACqOYSnEJx+wlCrYjhuoHa7tl+iaCyrJcU22FE', 'Public/Uploads/userkeypath/user-10/sys_publickeypath.pem', '', 'Public/Uploads/userkeypath/user-10/948ec4519a1f707410e8c595b41029724a047f84.pem', '2019-04-15 15:01:18', NULL);
INSERT INTO `amn_user_secretkey` VALUES (9, 11, '10011', 'asfsdgdfgdfgrevc nhjm234642', 'MIIBIjANBgkqhkiG9w0BAQEFAAOCAQ8AMIIBCgKCAQEAulySsPtACNBHXFsgAPFi\nGKzu0yqPZIZskPJC9c5Ondt2qtZLfJIYZRGL9kdL+W4ji3sTnpqBg3TuY5BujsJN\n7BjWwUU59Bkw7y+mLaMUAuVutfYlUmqp5gzBKW38dR8FqSHsczmjR3wjucegdvyN\nlXvXNDgk+wgBYx1KfdqCeeiPMgHjAh4aPdy299P0xgjrOOk9ut43MUVDqyr5PljG\nJFPWNMWCIGAxt4weUpdr9boMCOEMH6RuXCWc7Yqjqm39IcvGhkxfkZSCMSwBRbfA\nDEKOP8zJnB8PBwyon+ClXUqYCF+pAO0vAskVW40a5XJMqZyLD6vDmX/DHwE+M5Pt\nJQIDAQAB', 'wew', 'MIIBIjANBgkqhkiG9w0BAQEFAAOCAQ8AMIIBCgKCAQEAulySsPtACNBHXFsgAPFiGKzu0yqPZIZskPJC9c5Ondt2qtZLfJIYZRGL9kdL+W4ji3sTnpqBg3TuY5BujsJN7BjWwUU59Bkw7y+mLaMUAuVutfYlUmqp5gzBKW38dR8FqSHsczmjR3wjucegdvyNlXvXNDgk+wgBYx1KfdqCeeiPMgHjAh4aPdy299P0xgjrOOk9ut43MUVDqyr5PljGJFPWNMWCIGAxt4weUpdr9boMCOEMH6RuXCWc7Yqjqm39IcvGhkxfkZSCMSwBRbfADEKOP8zJnB8PBwyon+ClXUqYCF+pAO0vAskVW40a5XJMqZyLD6vDmX/DHwE+M5PtJQIDAQAB', '', '', 'Public/Uploads/userkeypath/user-11/6223c166126e101666d5b339fb85f0f6d1f46336.pem', '2019-04-16 20:15:17', NULL);
INSERT INTO `amn_user_secretkey` VALUES (10, 13, '0682527613', NULL, '', '', '', '', '', '', '0000-00-00 00:00:00', NULL);
INSERT INTO `amn_user_secretkey` VALUES (11, 14, '2019041618265914', NULL, '', '', '', '', '', '', '0000-00-00 00:00:00', NULL);
INSERT INTO `amn_user_secretkey` VALUES (12, 15, '9091437415', '2JXQBG13TAUNKRYVME', 'MIIBIjANBgkqhkiG9w0BAQEFAAOCAQ8AMIIBCgKCAQEAulySsPtACNBHXFsgAPFiGKzu0yqPZIZskPJC9c5Ondt2qtZLfJIYZRGL9kdL+W4ji3sTnpqBg3TuY5BujsJN7BjWwUU59Bkw7y+mLaMUAuVutfYlUmqp5gzBKW38dR8FqSHsczmjR3wjucegdvyNlXvXNDgk+wgBYx1KfdqCeeiPMgHjAh4aPdy299P0xgjrOOk9ut43MUVDqyr5PljGJFPWNMWCIGAxt4weUpdr9boMCOEMH6RuXCWc7Yqjqm39IcvGhkxfkZSCMSwBRbfADEKOP8zJnB8PBwyon+ClXUqYCF+pAO0vAskVW40a5XJMqZyLD6vDmX/DHwE+M5PtJQIDAQAB', '', 'MIIBIjANBgkqhkiG9w0BAQEFAAOCAQ8AMIIBCgKCAQEAulySsPtACNBHXFsgAPFiGKzu0yqPZIZskPJC9c5Ondt2qtZLfJIYZRGL9kdL+W4ji3sTnpqBg3TuY5BujsJN7BjWwUU59Bkw7y+mLaMUAuVutfYlUmqp5gzBKW38dR8FqSHsczmjR3wjucegdvyNlXvXNDgk+wgBYx1KfdqCeeiPMgHjAh4aPdy299P0xgjrOOk9ut43MUVDqyr5PljGJFPWNMWCIGAxt4weUpdr9boMCOEMH6RuXCWc7Yqjqm39IcvGhkxfkZSCMSwBRbfADEKOP8zJnB8PBwyon+ClXUqYCF+pAO0vAskVW40a5XJMqZyLD6vDmX/DHwE+M5PtJQIDAQAB', 'Public/Uploads/userkeypath/user-15/126cd4a8f5000a3ca0ce349e60a65c1478b14f45.pem', '', '', '2019-04-17 10:26:41', NULL);
INSERT INTO `amn_user_secretkey` VALUES (13, 16, '5449231116', NULL, '', '', '', '', '', '', '0000-00-00 00:00:00', NULL);
INSERT INTO `amn_user_secretkey` VALUES (14, 17, '10017', NULL, '', '', '', '', '', '', '0000-00-00 00:00:00', NULL);
INSERT INTO `amn_user_secretkey` VALUES (15, 18, '1646257918', NULL, '', '', '', '', '', '', '0000-00-00 00:00:00', NULL);
INSERT INTO `amn_user_secretkey` VALUES (16, 19, '10019', NULL, '', '', '', '', '', '', '0000-00-00 00:00:00', NULL);
INSERT INTO `amn_user_secretkey` VALUES (17, 21, '201906261511461000', '5d131ab271787', '', '', '', '', '', '', '2019-06-26 15:11:46', NULL);
INSERT INTO `amn_user_secretkey` VALUES (18, 22, '201906261603131000', '5d1326c10bab3', '', '', '', '', '', '', '2019-06-26 16:03:13', NULL);
INSERT INTO `amn_user_secretkey` VALUES (19, 23, '201906261614081000', '123456789', '', '', '', '', '', '', '2019-06-26 16:14:08', NULL);
INSERT INTO `amn_user_secretkey` VALUES (20, 24, '10024', NULL, '', '', '', '', '', '', '0000-00-00 00:00:00', NULL);
INSERT INTO `amn_user_secretkey` VALUES (21, 25, '201907080811221000', '5d228a2a63776', '', '', '', '', '', '', '2019-07-08 08:11:22', NULL);
INSERT INTO `amn_user_secretkey` VALUES (22, 26, '201907121416451000', '5d2825cd11cca', '', '', '', '', '', '', '2019-07-12 14:16:45', NULL);
INSERT INTO `amn_user_secretkey` VALUES (23, 27, '201907160907091000', '5d2d233d2d1fc', '', '', '', '', '', '', '2019-07-16 09:07:09', NULL);
INSERT INTO `amn_user_secretkey` VALUES (24, 28, '2918282828', NULL, '', '', '', '', '', '', '0000-00-00 00:00:00', NULL);
INSERT INTO `amn_user_secretkey` VALUES (25, 29, '10029', NULL, '', '', '', '', '', '', '0000-00-00 00:00:00', NULL);

-- ----------------------------
-- View structure for amn_payment_account_quota
-- ----------------------------
DROP VIEW IF EXISTS `amn_payment_account_quota`;
CREATE ALGORITHM = UNDEFINED SQL SECURITY DEFINER VIEW `amn_payment_account_quota` AS select `amn_payment_account`.`id` AS `id`,date_format(`amn_trade_list`.`trade_success_datetime`,'%Y-%m-%d') AS `datetime`,sum(`amn_trade_amount`.`real_orderid_amount`) AS `amount` from (((`amn_payment_account` join `amn_trade_list`) join `amn_trade_amount`) join `amn_trade_channel`) where ((`amn_trade_list`.`id` = `amn_trade_channel`.`trade_list_id`) and (`amn_trade_list`.`id` = `amn_trade_amount`.`trade_list_id`) and (`amn_payment_account`.`id` = `amn_trade_channel`.`payment_account_id`) and (`amn_trade_list`.`trade_status` > 0)) group by `amn_payment_account`.`id`,`datetime`;

SET FOREIGN_KEY_CHECKS = 1;
